Month,Day,Quarter,Department,team,targeted_productivity,smv,wip,over_time,incentive,idle_time,idle_men,no_of_style_change,no_of_workers,actual_productivity,wip_mean,wip_median,wip_knn,wip_rf
1,4,1,1,8,0.8,26.16,1108.0,7080,98,0.0,0,0,59.0,0.940725424,1108.0,1108.0,1108.0,1108.0
1,4,1,2,1,0.75,3.94,,960,0,0.0,0,0,8.0,0.8865,1190.0,1039.0,818.0,738.0
1,4,1,1,11,0.8,11.41,968.0,3660,50,0.0,0,0,30.5,0.800570492,968.0,968.0,968.0,968.0
1,4,1,1,12,0.8,11.41,968.0,3660,50,0.0,0,0,30.5,0.800570492,968.0,968.0,968.0,968.0
1,4,1,1,6,0.8,25.9,1170.0,1920,50,0.0,0,0,56.0,0.800381944,1170.0,1170.0,1170.0,1170.0
1,4,1,1,7,0.8,25.9,984.0,6720,38,0.0,0,0,56.0,0.800125,984.0,984.0,984.0,984.0
1,4,1,2,2,0.75,3.94,,960,0,0.0,0,0,8.0,0.755166667,1190.0,1039.0,818.0,640.0
1,4,1,1,3,0.75,28.08,795.0,6900,45,0.0,0,0,57.5,0.753683478,795.0,795.0,795.0,795.0
1,4,1,1,2,0.75,19.87,733.0,6000,34,0.0,0,0,55.0,0.753097531,733.0,733.0,733.0,733.0
1,4,1,1,1,0.75,28.08,681.0,6900,45,0.0,0,0,57.5,0.750427826,681.0,681.0,681.0,681.0
1,4,1,1,9,0.7,28.08,872.0,6900,44,0.0,0,0,57.5,0.721126957,872.0,872.0,872.0,872.0
1,4,1,1,10,0.75,19.31,578.0,6480,45,0.0,0,0,54.0,0.712205247,578.0,578.0,578.0,578.0
1,4,1,1,5,0.8,11.41,668.0,3660,50,0.0,0,0,30.5,0.707045902,668.0,668.0,668.0,668.0
1,4,1,2,10,0.65,3.94,,960,0,0.0,0,0,8.0,0.705916667,1190.0,1039.0,818.0,716.0
1,4,1,2,8,0.75,2.9,,960,0,0.0,0,0,8.0,0.676666667,1190.0,1039.0,818.0,707.0
1,4,1,2,4,0.75,3.94,,2160,0,0.0,0,0,18.0,0.593055556,1190.0,1039.0,888.0,686.0
1,4,1,2,7,0.8,2.9,,960,0,0.0,0,0,8.0,0.540729167,1190.0,1039.0,818.0,677.0
1,4,1,1,4,0.65,23.69,861.0,7200,0,0.0,0,0,60.0,0.52118,861.0,861.0,861.0,861.0
1,4,1,2,11,0.7,4.15,,1440,0,0.0,0,0,12.0,0.436326389,1190.0,1039.0,908.0,693.0
1,6,1,2,4,0.8,4.15,,6600,0,0.0,0,0,20.0,0.988024691,1190.0,1039.0,1060.0,882.0
1,6,1,2,11,0.75,2.9,,5640,0,0.0,0,0,17.0,0.987880435,1190.0,1039.0,1016.0,869.0
1,6,1,2,9,0.8,4.15,,960,0,0.0,0,0,8.0,0.956270833,1190.0,1039.0,818.0,842.0
1,6,1,2,3,0.75,3.94,,1560,0,0.0,0,0,8.0,0.945277778,1190.0,1039.0,841.0,804.0
1,6,1,2,1,0.8,3.94,,960,0,0.0,0,0,8.0,0.902916667,1190.0,1039.0,818.0,1008.0
1,6,1,1,1,0.8,28.08,772.0,6300,50,0.0,0,0,56.5,0.800725314,772.0,772.0,772.0,772.0
1,6,1,1,3,0.8,28.08,913.0,6540,50,0.0,0,0,54.5,0.800322936,913.0,913.0,913.0,913.0
1,6,1,1,8,0.8,26.16,1261.0,7080,50,0.0,0,0,59.0,0.800318644,1261.0,1261.0,1261.0,1261.0
1,6,1,1,12,0.8,26.16,844.0,7080,63,0.0,0,0,59.0,0.800318644,844.0,844.0,844.0,844.0
1,6,1,1,11,0.8,11.61,1005.0,7080,50,0.0,0,0,29.5,0.800237288,1005.0,1005.0,1005.0,1005.0
1,6,1,1,5,0.8,11.61,659.0,7080,50,0.0,0,0,31.5,0.800148649,659.0,659.0,659.0,659.0
1,6,1,1,6,0.8,25.9,1152.0,6720,50,0.0,0,0,56.0,0.800125,1152.0,1152.0,1152.0,1152.0
1,6,1,1,7,0.8,25.9,1138.0,6720,38,0.0,0,0,56.0,0.800125,1138.0,1138.0,1138.0,1138.0
1,6,1,1,10,0.75,19.31,610.0,6480,56,0.0,0,0,54.0,0.787299691,610.0,610.0,610.0,610.0
1,6,1,2,2,0.8,4.15,,960,0,0.0,0,0,8.0,0.782447917,1190.0,1039.0,818.0,613.0
1,6,1,1,2,0.75,19.87,944.0,6600,45,0.0,0,0,55.0,0.75024303,944.0,944.0,944.0,944.0
1,6,1,2,10,0.7,4.15,,960,0,0.0,0,0,8.0,0.7018125,1190.0,1039.0,818.0,725.0
1,6,1,1,4,0.7,23.69,544.0,13800,0,0.0,0,0,60.0,0.700134038,544.0,544.0,544.0,544.0
1,6,1,1,9,0.7,28.08,1072.0,6900,40,0.0,0,0,57.5,0.699965217,1072.0,1072.0,1072.0,1072.0
1,6,1,2,8,0.8,2.9,,960,0,0.0,0,0,8.0,0.628333333,1190.0,1039.0,818.0,697.0
1,6,1,2,7,0.8,3.94,,960,0,0.0,0,0,8.0,0.6253125,1190.0,1039.0,818.0,703.0
1,7,1,2,3,0.75,4.15,,1560,0,0.0,0,0,8.0,0.991388889,1190.0,1039.0,841.0,821.0
1,7,1,2,9,0.8,3.94,,960,0,0.0,0,0,8.0,0.931645833,1190.0,1039.0,818.0,847.0
1,7,1,2,1,0.8,3.94,,960,0,0.0,0,0,8.0,0.915229167,1190.0,1039.0,818.0,1010.0
1,7,1,1,6,0.8,11.61,539.0,6975,50,0.0,0,0,31.0,0.879714482,539.0,539.0,539.0,539.0
1,7,1,2,4,0.8,3.94,,6600,0,0.0,0,0,20.0,0.861679012,1190.0,1039.0,1060.0,764.0
1,7,1,1,9,0.8,26.16,1278.0,7080,60,0.0,0,0,59.0,0.850569492,1278.0,1278.0,1278.0,1278.0
1,7,1,1,7,0.8,25.9,1227.0,7020,60,0.0,0,0,56.5,0.850436438,1227.0,1227.0,1227.0,1227.0
1,7,1,1,8,0.8,25.9,1039.0,6780,45,0.0,0,0,56.5,0.850345133,1039.0,1039.0,1039.0,1039.0
1,7,1,1,4,0.8,28.08,878.0,4260,50,0.0,0,0,55.5,0.800598058,878.0,878.0,878.0,878.0
1,7,1,1,1,0.8,26.16,1033.0,7080,63,0.0,0,0,59.0,0.800318644,1033.0,1033.0,1033.0,1033.0
1,7,1,1,2,0.8,28.08,782.0,6660,50,0.0,0,0,55.5,0.800237838,782.0,782.0,782.0,782.0
1,7,1,1,12,0.8,11.61,1216.0,6975,50,0.0,0,0,31.0,0.800030199,1216.0,1216.0,1216.0,1216.0
1,7,1,2,2,0.8,3.94,,960,0,0.0,0,0,8.0,0.792104167,1190.0,1039.0,818.0,614.0
1,7,1,2,10,0.7,3.94,,4320,0,0.0,0,0,18.0,0.759228395,1190.0,1039.0,1063.0,765.0
1,7,1,1,11,0.75,19.31,513.0,6480,45,0.0,0,0,54.0,0.750348457,513.0,513.0,513.0,513.0
1,7,1,1,3,0.75,19.87,734.0,6600,45,0.0,0,0,55.0,0.75024303,734.0,734.0,734.0,734.0
1,7,1,1,10,0.7,28.08,1202.0,6900,40,0.0,0,0,57.5,0.699965217,1202.0,1202.0,1202.0,1202.0
1,7,1,2,8,0.8,2.9,,960,0,0.0,0,0,8.0,0.682708333,1190.0,1039.0,818.0,683.0
1,7,1,2,7,0.8,2.9,,960,0,0.0,0,0,8.0,0.667604167,1190.0,1039.0,818.0,693.0
1,7,1,1,5,0.7,45.67,884.0,6960,26,0.0,0,0,58.0,0.603432184,884.0,884.0,884.0,884.0
1,7,1,2,11,0.75,4.15,,960,0,0.0,0,0,8.0,0.345833333,1190.0,1039.0,818.0,623.0
1,1,1,2,1,0.8,3.94,,1920,0,0.0,0,0,8.0,0.961059028,1190.0,1039.0,849.0,10263.0
1,1,1,2,11,0.8,3.94,,2400,0,0.0,0,0,10.0,0.939513889,1190.0,1039.0,863.0,10109.0
1,1,1,2,4,0.8,3.94,,3840,0,0.0,0,0,16.0,0.893663194,1190.0,1039.0,886.0,10038.0
1,1,1,2,3,0.75,4.15,,1920,0,0.0,0,0,8.0,0.875390625,1190.0,1039.0,849.0,9131.0
1,1,1,1,9,0.8,26.16,1227.0,7080,75,0.0,0,0,59.0,0.850569492,1227.0,1227.0,1227.0,1227.0
1,1,1,2,9,0.8,2.9,,1920,0,0.0,0,0,8.0,0.820833333,1190.0,1039.0,849.0,4142.0
1,1,1,2,2,0.8,3.94,,960,0,0.0,0,0,8.0,0.804416667,1190.0,1039.0,818.0,5320.0
1,1,1,1,7,0.8,25.9,1255.0,6780,50,0.0,0,0,56.5,0.800684366,1255.0,1255.0,1255.0,1255.0
1,1,1,1,8,0.8,25.9,1047.0,6780,38,0.0,0,0,56.5,0.800684366,1047.0,1047.0,1047.0,1047.0
1,1,1,1,1,0.8,26.16,1138.0,7080,63,0.0,0,0,59.0,0.800318644,1138.0,1138.0,1138.0,1138.0
1,1,1,1,11,0.8,19.31,678.0,4800,50,0.0,0,0,55.0,0.800250962,678.0,678.0,678.0,678.0
1,1,1,1,6,0.8,11.61,712.0,7200,50,0.0,0,0,32.0,0.800246011,712.0,712.0,712.0,712.0
1,1,1,1,12,0.8,11.61,1037.0,7200,50,0.0,0,0,32.0,0.800246011,1037.0,1037.0,1037.0,1037.0
1,1,1,1,2,0.8,28.08,757.0,6900,50,0.0,0,0,57.5,0.800076522,757.0,757.0,757.0,757.0
1,1,1,1,4,0.8,28.08,759.0,6900,50,0.0,0,0,57.5,0.800076522,759.0,759.0,759.0,759.0
1,1,1,2,10,0.75,2.9,,960,0,0.0,0,0,8.0,0.763375,1190.0,1039.0,818.0,1358.0
1,1,1,2,5,0.6,2.9,,960,0,0.0,0,0,8.0,0.759270833,1190.0,1039.0,818.0,2056.0
1,1,1,1,10,0.75,28.08,1083.0,7020,45,0.0,0,0,58.5,0.7504,1083.0,1083.0,1083.0,1083.0
1,1,1,1,3,0.75,19.87,944.0,6600,45,0.0,0,0,55.0,0.75024303,944.0,944.0,944.0,944.0
1,1,1,2,7,0.8,3.94,,960,0,0.0,0,0,8.0,0.676666667,1190.0,1039.0,818.0,1610.0
1,1,1,2,8,0.8,2.9,,960,0,0.0,0,0,8.0,0.664583333,1190.0,1039.0,818.0,1550.0
1,1,1,1,5,0.6,21.98,666.0,6960,23,0.0,0,0,58.0,0.600028736,666.0,666.0,666.0,666.0
1,2,1,2,4,0.8,3.94,,4440,0,0.0,0,0,18.0,0.966781346,1190.0,1039.0,1032.0,863.0
1,2,1,2,1,0.8,3.94,,1440,0,0.0,0,0,8.0,0.936496212,1190.0,1039.0,902.0,981.0
1,2,1,2,3,0.75,4.15,,1800,0,0.0,0,0,10.0,0.899166667,1190.0,1039.0,716.0,645.0
1,2,1,2,11,0.8,4.15,,2700,0,0.0,0,0,15.0,0.888686869,1190.0,1039.0,934.0,590.0
1,2,1,2,9,0.8,3.94,,1440,0,0.0,0,0,8.0,0.858143939,1190.0,1039.0,904.0,624.0
1,2,1,1,1,0.8,26.16,1187.0,10620,75,0.0,0,0,59.0,0.850502311,1187.0,1187.0,1187.0,1187.0
1,2,1,1,9,0.8,26.16,1305.0,10620,75,0.0,0,0,59.0,0.850502311,1305.0,1305.0,1305.0,1305.0
1,2,1,2,10,0.75,3.94,,1440,0,0.0,0,0,8.0,0.809640152,1190.0,1039.0,904.0,650.0
1,2,1,2,2,0.8,3.94,,1440,0,0.0,0,0,8.0,0.805909091,1190.0,1039.0,903.0,631.0
1,2,1,1,2,0.8,28.08,716.0,10350,50,0.0,0,0,57.5,0.800594466,716.0,716.0,716.0,716.0
1,2,1,1,4,0.8,28.08,925.0,10350,50,0.0,0,0,57.5,0.800594466,925.0,925.0,925.0,925.0
1,2,1,1,3,0.8,19.87,963.0,9900,50,0.0,0,0,55.0,0.800273829,963.0,963.0,963.0,963.0
1,2,1,1,12,0.8,11.61,1101.0,5310,50,0.0,0,0,31.5,0.800140969,1101.0,1101.0,1101.0,1101.0
1,2,1,1,7,0.8,25.9,1035.0,10170,38,0.0,0,0,56.5,0.800128721,1035.0,1035.0,1035.0,1035.0
1,2,1,1,8,0.8,25.9,1083.0,10170,38,0.0,0,0,56.5,0.800128721,1083.0,1083.0,1083.0,1083.0
1,2,1,1,6,0.8,11.61,910.0,4470,38,0.0,0,0,31.5,0.80007657,910.0,910.0,910.0,910.0
1,2,1,1,10,0.75,28.08,1209.0,10530,45,0.0,0,0,58.5,0.750545455,1209.0,1209.0,1209.0,1209.0
1,2,1,1,11,0.75,19.31,590.0,9900,45,0.0,0,0,55.0,0.750057851,590.0,590.0,590.0,590.0
1,2,1,2,8,0.8,2.9,,1440,0,0.0,0,0,8.0,0.681060606,1190.0,1039.0,904.0,602.0
1,2,1,1,5,0.65,21.98,808.0,10440,35,0.0,0,0,58.0,0.649983281,808.0,808.0,808.0,808.0
1,2,1,2,7,0.8,2.9,,1440,0,0.0,0,0,8.0,0.61625,1190.0,1039.0,903.0,610.0
1,3,1,2,1,0.8,3.94,,1440,0,0.0,0,0,8.0,0.951420455,1190.0,1039.0,902.0,1031.0
1,3,1,2,9,0.8,3.94,,1440,0,0.0,0,0,8.0,0.880530303,1190.0,1039.0,904.0,680.0
1,3,1,1,1,0.8,26.16,1179.0,10620,75,0.0,0,0,59.0,0.850502311,1179.0,1179.0,1179.0,1179.0
1,3,1,1,9,0.8,26.16,1324.0,10620,75,0.0,0,0,59.0,0.850502311,1324.0,1324.0,1324.0,1324.0
1,3,1,1,8,0.8,25.9,1135.0,10170,60,0.0,0,0,56.5,0.850136766,1135.0,1135.0,1135.0,1135.0
1,3,1,2,3,0.75,4.15,,2700,0,0.0,0,0,15.0,0.83,1190.0,1039.0,935.0,701.0
1,3,1,2,4,0.8,3.94,,4440,0,0.0,0,0,18.0,0.827186544,1190.0,1039.0,1031.0,797.0
1,3,1,2,2,0.8,3.94,,1440,0,0.0,0,0,8.0,0.813371212,1190.0,1039.0,903.0,687.0
1,3,1,2,10,0.75,3.94,,1440,0,0.0,0,0,8.0,0.805909091,1190.0,1039.0,904.0,719.0
1,3,1,2,7,0.8,2.9,,1440,0,0.0,0,0,8.0,0.804640152,1190.0,1039.0,904.0,700.0
1,3,1,1,2,0.8,28.08,776.0,10350,63,0.0,0,0,57.5,0.800594466,776.0,776.0,776.0,776.0
1,3,1,1,4,0.8,28.08,990.0,10350,50,0.0,0,0,57.5,0.800594466,990.0,990.0,990.0,990.0
1,3,1,1,6,0.8,11.41,986.0,5490,50,0.0,0,0,30.5,0.800343766,986.0,986.0,986.0,986.0
1,3,1,1,3,0.8,19.87,924.0,9900,50,0.0,0,0,55.0,0.800273829,924.0,924.0,924.0,924.0
1,3,1,1,12,0.8,11.61,1120.0,5670,50,0.0,0,0,31.5,0.800246753,1120.0,1120.0,1120.0,1120.0
1,3,1,1,7,0.8,25.9,1066.0,10170,50,0.0,0,0,56.5,0.800128721,1066.0,1066.0,1066.0,1066.0
1,3,1,1,10,0.75,28.08,1144.0,10530,69,0.0,0,0,58.5,0.8,1144.0,1144.0,1144.0,1144.0
1,3,1,1,5,0.7,21.98,413.0,9720,40,0.0,0,0,58.0,0.700480831,413.0,413.0,413.0,413.0
1,3,1,2,8,0.8,2.9,,1440,0,0.0,0,0,8.0,0.681060606,1190.0,1039.0,904.0,668.0
1,3,1,2,6,0.8,2.9,,1800,0,0.0,0,0,10.0,0.666515152,1190.0,1039.0,717.0,685.0
1,3,1,1,11,0.8,31.83,568.0,9900,40,0.0,0,0,55.0,0.412119835,568.0,568.0,568.0,568.0
1,3,1,2,5,0.7,4.15,,1440,0,0.0,0,0,8.0,0.330113636,1190.0,1039.0,904.0,593.0
1,4,2,2,1,0.8,3.94,,1440,0,0.0,0,0,8.0,0.947689394,1190.0,1039.0,902.0,1012.0
1,4,2,2,4,0.8,3.94,,12600,0,0.0,0,0,20.0,0.919905405,1190.0,1039.0,1084.0,837.0
1,4,2,1,9,0.8,26.16,1216.0,10620,88,0.0,0,0,59.0,0.900215716,1216.0,1216.0,1216.0,1216.0
1,4,2,2,9,0.8,3.94,,1440,0,0.0,0,0,8.0,0.891723485,1190.0,1039.0,904.0,700.0
1,4,2,1,1,0.8,26.16,1189.0,10620,75,0.0,0,0,59.0,0.850502311,1189.0,1189.0,1189.0,1189.0
1,4,2,1,4,0.8,28.08,942.0,10530,75,0.0,0,0,58.5,0.850181818,942.0,942.0,942.0,942.0
1,4,2,1,7,0.8,25.9,1050.0,10170,60,0.0,0,0,56.5,0.850136766,1050.0,1050.0,1050.0,1050.0
1,4,2,1,8,0.8,25.9,1026.0,10170,60,0.0,0,0,56.5,0.850136766,1026.0,1026.0,1026.0,1026.0
1,4,2,2,2,0.8,3.94,,1440,0,0.0,0,0,8.0,0.835757576,1190.0,1039.0,903.0,688.0
1,4,2,2,5,0.7,4.15,,3840,0,0.0,0,0,8.0,0.821354167,1190.0,1039.0,891.0,748.0
1,4,2,1,2,0.8,28.08,783.0,10050,63,0.0,0,0,58.5,0.800497246,783.0,783.0,783.0,783.0
1,4,2,1,3,0.8,19.87,857.0,9900,50,0.0,0,0,55.0,0.800273829,857.0,857.0,857.0,857.0
1,4,2,1,12,0.8,11.61,548.0,15120,63,0.0,0,0,31.5,0.800107143,548.0,548.0,548.0,548.0
1,4,2,1,6,0.8,11.41,411.0,14640,50,0.0,0,0,30.5,0.800024932,411.0,411.0,411.0,411.0
1,4,2,1,10,0.75,28.08,1066.0,10530,69,0.0,0,0,58.5,0.8,1066.0,1066.0,1066.0,1066.0
1,4,2,2,10,0.75,3.94,,1440,0,0.0,0,0,8.0,0.779791667,1190.0,1039.0,904.0,647.0
1,4,2,2,8,0.8,2.9,,1440,0,0.0,0,0,8.0,0.735984848,1190.0,1039.0,904.0,665.0
1,4,2,2,3,0.75,4.15,,2160,0,0.0,0,0,12.0,0.712626263,1190.0,1039.0,891.0,672.0
1,4,2,2,7,0.8,2.9,,1440,0,0.0,0,0,8.0,0.681060606,1190.0,1039.0,904.0,675.0
1,4,2,2,11,0.8,4.15,,900,0,0.0,0,0,5.0,0.515606061,1190.0,1039.0,806.0,639.0
1,4,2,1,11,0.35,12.52,287.0,25920,38,0.0,0,0,54.0,0.349951389,287.0,287.0,287.0,287.0
1,4,2,1,5,0.7,42.41,724.0,10260,0,0.0,0,0,57.0,0.233705476,724.0,724.0,724.0,724.0
1,6,2,2,1,0.8,3.94,,2160,0,0.0,0,0,8.0,0.985,1190.0,1039.0,892.0,1014.0
1,6,2,2,3,0.75,4.15,,2760,0,0.0,0,0,12.0,0.930340376,1190.0,1039.0,900.0,786.0
1,6,2,2,4,0.8,3.94,,6000,0,0.0,0,0,20.0,0.911589744,1190.0,1039.0,1841.0,915.0
1,6,2,2,9,0.8,3.94,,1440,0,0.0,0,0,8.0,0.858143939,1190.0,1039.0,905.0,689.0
1,6,2,1,9,0.8,26.16,1122.0,10620,75,0.0,0,0,59.0,0.851174114,1122.0,1122.0,1122.0,1122.0
1,6,2,1,7,0.8,25.9,970.0,10170,60,0.0,0,0,56.5,0.850136766,970.0,970.0,970.0,970.0
1,6,2,1,8,0.8,25.9,1158.0,10170,60,0.0,0,0,56.5,0.850136766,1158.0,1158.0,1158.0,1158.0
1,6,2,2,10,0.8,3.94,,1440,0,0.0,0,0,8.0,0.846950758,1190.0,1039.0,905.0,676.0
1,6,2,2,11,0.8,4.15,,1440,0,0.0,0,0,8.0,0.817424242,1190.0,1039.0,905.0,681.0
1,6,2,2,2,0.8,3.94,,1440,0,0.0,0,0,8.0,0.817102273,1190.0,1039.0,903.0,668.0
1,6,2,1,4,0.8,28.08,660.0,10440,63,0.0,0,0,58.0,0.801028213,660.0,660.0,660.0,660.0
1,6,2,1,2,0.8,28.08,749.0,10350,63,0.0,0,0,57.5,0.800594466,749.0,749.0,749.0,749.0
1,6,2,1,12,0.8,11.61,893.0,4710,50,0.0,0,0,31.5,0.800346445,893.0,893.0,893.0,893.0
1,6,2,1,6,0.8,11.41,887.0,5490,50,0.0,0,0,30.5,0.800343766,887.0,887.0,887.0,887.0
1,6,2,1,1,0.8,26.16,1335.0,10620,63,0.0,0,0,59.0,0.800117103,1335.0,1335.0,1335.0,1335.0
1,6,2,1,10,0.8,28.08,1082.0,10530,63,0.0,0,0,58.5,0.8,1082.0,1082.0,1082.0,1082.0
1,6,2,1,3,0.75,19.87,1075.0,7080,45,0.0,0,0,56.0,0.750098351,1075.0,1075.0,1075.0,1075.0
1,6,2,1,11,0.5,12.52,749.0,9540,38,0.0,0,0,53.0,0.673245283,749.0,749.0,749.0,749.0
1,6,2,2,7,0.8,2.9,,1440,0,0.0,0,0,8.0,0.670075758,1190.0,1039.0,904.0,680.0
1,6,2,2,8,0.8,2.9,,1440,0,0.0,0,0,8.0,0.628882576,1190.0,1039.0,904.0,680.0
1,6,2,1,5,0.5,20.79,966.0,7680,0,0.0,0,0,56.0,0.388007813,966.0,966.0,966.0,966.0
1,6,2,2,5,0.5,4.15,,1440,0,0.0,0,0,8.0,0.337973485,1190.0,1039.0,904.0,610.0
1,7,2,2,3,0.75,4.15,,1440,0,0.0,0,0,8.0,0.93532197,1190.0,1039.0,903.0,815.0
1,7,2,2,4,0.8,3.94,,3600,0,0.0,0,0,20.0,0.925643939,1190.0,1039.0,1665.0,924.0
1,7,2,1,9,0.8,26.16,1095.0,10620,88,0.0,0,0,59.0,0.900215716,1095.0,1095.0,1095.0,1095.0
1,7,2,2,1,0.8,3.94,,1440,0,0.0,0,0,8.0,0.873068182,1190.0,1039.0,903.0,695.0
1,7,2,2,9,0.8,3.94,,1440,0,0.0,0,0,8.0,0.858143939,1190.0,1039.0,905.0,689.0
1,7,2,1,1,0.8,26.16,1383.0,10620,75,0.0,0,0,59.0,0.850502311,1383.0,1383.0,1383.0,1383.0
1,7,2,1,7,0.8,25.9,1012.0,10170,45,0.0,0,0,56.5,0.850136766,1012.0,1012.0,1012.0,1012.0
1,7,2,1,8,0.8,25.9,1209.0,10170,60,0.0,0,0,56.5,0.850136766,1209.0,1209.0,1209.0,1209.0
1,7,2,2,10,0.8,3.94,,1440,0,0.0,0,0,8.0,0.828295455,1190.0,1039.0,905.0,701.0
1,7,2,2,2,0.8,3.94,,1440,0,0.0,0,0,8.0,0.820833333,1190.0,1039.0,903.0,669.0
1,7,2,1,6,0.8,11.41,887.0,5490,50,0.0,0,0,30.5,0.800343766,887.0,887.0,887.0,887.0
1,7,2,1,12,0.8,11.61,896.0,5670,50,0.0,0,0,31.5,0.800246753,896.0,896.0,896.0,896.0
1,7,2,1,2,0.8,28.08,805.0,10530,63,0.0,0,0,58.5,0.8,805.0,805.0,805.0,805.0
1,7,2,1,10,0.8,28.08,762.0,10530,38,0.0,0,0,58.5,0.8,762.0,762.0,762.0,762.0
1,7,2,1,3,0.8,19.87,1043.0,6420,0,0.0,0,0,55.0,0.690182815,1043.0,1043.0,1043.0,1043.0
1,7,2,2,11,0.8,4.15,,1440,0,0.0,0,0,8.0,0.668087121,1190.0,1039.0,905.0,661.0
1,7,2,2,8,0.8,2.9,,1440,0,0.0,0,0,8.0,0.653598485,1190.0,1039.0,904.0,670.0
1,7,2,2,5,0.5,4.15,,1440,0,0.0,0,0,8.0,0.609138258,1190.0,1039.0,904.0,720.0
1,7,2,1,11,0.6,12.52,831.0,9540,30,0.0,0,0,53.0,0.600229846,831.0,831.0,831.0,831.0
1,7,2,2,6,0.8,2.9,,1440,0,0.0,0,0,8.0,0.597348485,1190.0,1039.0,904.0,670.0
1,7,2,2,7,0.8,2.9,,1440,0,0.0,0,0,8.0,0.590435606,1190.0,1039.0,904.0,674.0
1,7,2,1,4,0.8,50.48,562.0,10440,0,0.0,0,0,58.0,0.473134796,562.0,562.0,562.0,562.0
1,7,2,1,5,0.6,20.79,1208.0,7980,0,0.0,0,0,57.0,0.452979626,1208.0,1208.0,1208.0,1208.0
1,1,2,2,1,0.8,3.94,,1440,0,0.0,0,0,8.0,0.955151515,1190.0,1039.0,902.0,1323.0
1,1,2,2,4,0.35,4.3,,3240,0,0.0,0,0,18.0,0.942213805,1190.0,1039.0,785.0,1294.0
1,1,2,2,3,0.8,4.15,,1800,0,0.0,0,0,10.0,0.905454545,1190.0,1039.0,716.0,1254.0
1,1,2,2,2,0.8,3.94,,1440,0,0.0,0,0,8.0,0.880530303,1190.0,1039.0,902.0,1778.0
1,1,2,2,9,0.8,3.94,,1440,0,0.0,0,0,8.0,0.858143939,1190.0,1039.0,904.0,1477.0
1,1,2,1,1,0.8,26.16,1099.0,8220,75,0.0,0,0,59.0,0.850522167,1099.0,1099.0,1099.0,1099.0
1,1,2,1,9,0.8,26.16,1093.0,10620,75,0.0,0,0,59.0,0.850502311,1093.0,1093.0,1093.0,1093.0
1,1,2,1,7,0.8,25.9,1031.0,10170,60,0.0,0,0,56.5,0.850136766,1031.0,1031.0,1031.0,1031.0
1,1,2,1,8,0.8,25.9,1233.0,10170,60,0.0,0,0,56.5,0.850136766,1233.0,1233.0,1233.0,1233.0
1,1,2,2,6,0.8,2.9,,1440,0,0.0,0,0,8.0,0.817424242,1190.0,1039.0,903.0,1386.0
1,1,2,2,5,0.65,4.15,,1440,0,0.0,0,0,8.0,0.809564394,1190.0,1039.0,903.0,1463.0
1,1,2,1,3,0.8,19.87,941.0,9900,0,0.0,0,0,55.0,0.800273829,941.0,941.0,941.0,941.0
1,1,2,1,6,0.8,11.41,843.0,5670,50,0.0,0,0,31.5,0.800181818,843.0,843.0,843.0,843.0
1,1,2,1,12,0.8,11.61,760.0,4470,50,0.0,0,0,31.5,0.80007657,760.0,760.0,760.0,760.0
1,1,2,1,2,0.8,28.08,737.0,10530,63,0.0,0,0,58.5,0.8,737.0,737.0,737.0,737.0
1,1,2,2,8,0.8,2.9,,1440,0,0.0,0,0,8.0,0.725,1190.0,1039.0,903.0,693.0
1,1,2,1,10,0.8,50.48,381.0,6930,45,0.0,0,0,58.5,0.688557555,381.0,381.0,381.0,381.0
1,1,2,1,5,0.65,20.79,1141.0,8460,0,0.0,0,0,59.0,0.650040783,1141.0,1141.0,1141.0,1141.0
1,1,2,1,11,0.65,12.52,1004.0,9540,44,0.0,0,0,53.0,0.64998056,1004.0,1004.0,1004.0,1004.0
1,1,2,2,7,0.8,2.9,,1440,0,0.0,0,0,8.0,0.648106061,1190.0,1039.0,903.0,757.0
1,1,2,2,11,0.8,4.15,,1440,0,0.0,0,0,8.0,0.640577652,1190.0,1039.0,904.0,714.0
1,1,2,1,4,0.35,22.4,581.0,7350,0,0.0,0,0,51.5,0.35063299,581.0,581.0,581.0,581.0
1,1,2,2,10,0.8,3.94,,1440,0,0.0,0,0,8.0,0.24625,1190.0,1039.0,904.0,1106.0
1,2,2,2,4,0.35,4.3,,2160,0,0.0,0,0,12.0,0.952020202,1190.0,1039.0,890.0,768.0
1,2,2,2,1,0.8,3.94,,1440,0,0.0,0,0,2.0,0.951420455,1190.0,1039.0,898.0,979.0
1,2,2,2,10,0.8,3.94,,5400,0,0.0,0,0,20.0,0.912766667,1190.0,1039.0,1067.0,873.0
1,2,2,2,3,0.8,4.15,,1620,0,0.0,0,0,9.0,0.901262626,1190.0,1039.0,817.0,766.0
1,2,2,2,9,0.8,3.94,,1440,0,0.0,0,0,8.0,0.858143939,1190.0,1039.0,904.0,612.0
1,2,2,1,1,0.8,26.16,1073.0,10620,75,0.0,0,0,59.0,0.850502311,1073.0,1073.0,1073.0,1073.0
1,2,2,1,9,0.8,26.16,1156.0,10620,75,0.0,0,0,59.0,0.850502311,1156.0,1156.0,1156.0,1156.0
1,2,2,1,8,0.8,25.9,1211.0,10260,60,0.0,0,0,57.0,0.850252525,1211.0,1211.0,1211.0,1211.0
1,2,2,1,7,0.8,25.9,1126.0,10170,60,0.0,0,0,56.5,0.850136766,1126.0,1126.0,1126.0,1126.0
1,2,2,2,5,0.65,4.15,,1440,0,0.0,0,0,8.0,0.821354167,1190.0,1039.0,903.0,645.0
1,2,2,2,2,0.8,3.94,,1440,0,0.0,0,0,8.0,0.805909091,1190.0,1039.0,903.0,614.0
1,2,2,1,6,0.8,11.61,1004.0,5670,50,0.0,0,0,31.5,0.800246753,1004.0,1004.0,1004.0,1004.0
1,2,2,1,12,0.8,11.61,1063.0,5670,50,0.0,0,0,31.5,0.800246753,1063.0,1063.0,1063.0,1063.0
1,2,2,1,2,0.8,28.08,723.0,10530,50,0.0,0,0,58.5,0.8,723.0,723.0,723.0,723.0
1,2,2,1,3,0.8,42.27,465.0,9900,54,0.0,0,0,55.0,0.705576584,465.0,465.0,465.0,465.0
1,2,2,2,8,0.8,2.9,,1440,0,0.0,0,0,8.0,0.681060606,1190.0,1039.0,904.0,579.0
1,2,2,2,7,0.8,2.9,,1440,0,0.0,0,0,8.0,0.670075758,1190.0,1039.0,903.0,597.0
1,2,2,2,11,0.8,4.15,,1440,0,0.0,0,0,8.0,0.601278409,1190.0,1039.0,904.0,571.0
1,2,2,1,11,0.7,27.13,530.0,9540,37,0.0,0,0,53.0,0.582301029,530.0,530.0,530.0,530.0
1,2,2,1,5,0.7,20.79,1297.0,10440,0,0.0,0,0,58.0,0.526810345,1297.0,1297.0,1297.0,1297.0
1,2,2,1,4,0.5,22.4,783.0,10170,23,0.0,0,0,56.5,0.500380799,783.0,783.0,783.0,783.0
1,2,2,1,10,0.35,22.4,715.0,10170,23,0.0,0,0,56.5,0.35020649,715.0,715.0,715.0,715.0
1,3,2,2,11,0.8,4.15,,1980,0,0.0,0,0,7.0,0.934607438,1190.0,1039.0,874.0,832.0
1,3,2,2,4,0.35,4.3,,2700,0,0.0,0,0,8.0,0.908080808,1190.0,1039.0,934.0,792.0
1,3,2,1,7,0.8,25.9,1150.0,10170,70,0.0,0,0,56.5,0.900144811,1150.0,1150.0,1150.0,1150.0
1,3,2,2,1,0.8,3.94,,1440,0,0.0,0,0,8.0,0.891723485,1190.0,1039.0,902.0,765.0
1,3,2,2,5,0.65,4.15,,1440,0,0.0,0,0,15.0,0.864583333,1190.0,1039.0,909.0,692.0
1,3,2,2,9,0.8,3.94,,1440,0,0.0,0,0,8.0,0.858143939,1190.0,1039.0,904.0,666.0
1,3,2,1,9,0.8,26.16,1232.0,10620,75,0.0,0,0,59.0,0.850502311,1232.0,1232.0,1232.0,1232.0
1,3,2,1,8,0.8,25.9,1218.0,10170,60,0.0,0,0,56.5,0.850136766,1218.0,1218.0,1218.0,1218.0
1,3,2,2,7,0.8,2.9,,1440,0,0.0,0,0,8.0,0.837594697,1190.0,1039.0,904.0,688.0
1,3,2,2,3,0.8,4.15,,1440,0,0.0,0,0,7.0,0.820833333,1190.0,1039.0,902.0,670.0
1,3,2,1,12,0.8,11.61,1159.0,2970,50,0.0,0,0,31.5,0.800313433,1159.0,1159.0,1159.0,1159.0
1,3,2,1,6,0.8,11.61,972.0,5670,38,0.0,0,0,31.5,0.800246753,972.0,972.0,972.0,972.0
1,3,2,1,1,0.8,26.16,1092.0,10620,63,0.0,0,0,59.0,0.800117103,1092.0,1092.0,1092.0,1092.0
1,3,2,1,5,0.7,20.79,965.0,7320,0,0.0,0,0,58.0,0.700095563,965.0,965.0,965.0,965.0
1,3,2,2,8,0.8,2.9,,1440,0,0.0,0,0,8.0,0.667329545,1190.0,1039.0,904.0,646.0
1,3,2,1,4,0.6,22.4,816.0,5100,23,0.0,0,0,57.0,0.600369686,816.0,816.0,816.0,816.0
1,3,2,1,10,0.5,22.4,947.0,3390,23,0.0,0,0,56.5,0.499980334,947.0,947.0,947.0,947.0
1,3,2,1,11,0.35,14.61,838.0,7200,23,0.0,0,0,55.0,0.35003125,838.0,838.0,838.0,838.0
1,3,2,2,10,0.8,3.94,,1260,0,0.0,0,0,8.0,0.332359307,1190.0,1039.0,770.0,529.0
1,3,2,1,2,0.8,51.02,1086.0,4260,27,0.0,0,0,57.0,0.311207464,1086.0,1086.0,1086.0,1086.0
1,3,2,2,2,0.8,3.94,,1260,0,0.0,0,0,8.0,0.247316017,1190.0,1039.0,770.0,557.0
1,4,3,2,4,0.35,4.3,,3600,0,0.0,0,0,20.0,0.988636364,1190.0,1039.0,1667.0,891.0
1,4,3,2,10,0.8,3.94,,3420,0,0.0,0,0,19.0,0.953110048,1190.0,1039.0,930.0,951.0
1,4,3,2,1,0.8,3.94,,1440,0,0.0,0,0,8.0,0.884261364,1190.0,1039.0,902.0,745.0
1,4,3,2,5,0.65,4.15,,1440,0,0.0,0,0,8.0,0.860653409,1190.0,1039.0,904.0,746.0
1,4,3,2,9,0.8,3.94,,1440,0,0.0,0,0,8.0,0.858143939,1190.0,1039.0,904.0,805.0
1,4,3,1,1,0.8,26.16,1160.0,10620,75,0.0,0,0,59.0,0.850502311,1160.0,1160.0,1160.0,1160.0
1,4,3,1,8,0.8,25.9,1177.0,8970,60,0.0,0,0,56.5,0.850415628,1177.0,1177.0,1177.0,1177.0
1,4,3,1,7,0.8,25.9,1281.0,10170,60,0.0,0,0,56.5,0.850136766,1281.0,1281.0,1281.0,1281.0
1,4,3,1,9,0.8,26.16,1369.0,10620,63,0.0,0,0,59.0,0.800117103,1369.0,1369.0,1369.0,1369.0
1,4,3,1,6,0.8,11.61,1084.0,4950,38,0.0,0,0,31.5,0.80003139,1084.0,1084.0,1084.0,1084.0
1,4,3,1,12,0.8,11.61,1216.0,4950,50,0.0,0,0,31.5,0.80003139,1216.0,1216.0,1216.0,1216.0
1,4,3,1,5,0.7,20.79,391.0,10440,0,0.0,0,0,58.0,0.700060345,391.0,391.0,391.0,391.0
1,4,3,2,7,0.8,2.9,,1440,0,0.0,0,0,8.0,0.689299242,1190.0,1039.0,904.0,766.0
1,4,3,1,3,0.5,22.52,1102.0,10170,30,0.0,0,0,56.5,0.660683293,1102.0,1102.0,1102.0,1102.0
1,4,3,1,4,0.65,22.52,872.0,10080,26,0.0,0,0,56.0,0.650130952,872.0,872.0,872.0,872.0
1,4,3,2,8,0.8,2.9,,1440,0,0.0,0,0,8.0,0.606912879,1190.0,1039.0,904.0,825.0
1,4,3,1,10,0.6,22.52,1076.0,10170,23,0.0,0,0,56.5,0.600291767,1076.0,1076.0,1076.0,1076.0
1,4,3,1,11,0.5,14.89,917.0,9900,30,0.0,0,0,55.0,0.500025069,917.0,917.0,917.0,917.0
1,4,3,1,2,0.5,22.94,1044.0,9810,23,0.0,0,0,54.5,0.499998888,1044.0,1044.0,1044.0,1044.0
1,6,3,2,5,0.65,4.15,,2700,0,0.0,0,0,15.0,0.98719697,1190.0,1039.0,935.0,845.0
1,6,3,2,2,0.8,3.94,,1800,0,0.0,0,0,10.0,0.980909091,1190.0,1039.0,716.0,1019.0
1,6,3,2,10,0.8,3.94,,1440,0,0.0,0,0,8.0,0.974621212,1190.0,1039.0,905.0,935.0
1,6,3,2,1,0.8,3.94,,1440,0,0.0,0,0,8.0,0.884261364,1190.0,1039.0,903.0,758.0
1,6,3,2,9,0.8,3.94,,1800,0,0.0,0,0,10.0,0.82680303,1190.0,1039.0,716.0,831.0
1,6,3,1,6,0.8,11.41,1067.0,5490,63,0.0,0,0,30.5,0.800343766,1067.0,1067.0,1067.0,1067.0
1,6,3,1,12,0.8,11.61,1039.0,5670,63,0.0,0,0,31.5,0.800246753,1039.0,1039.0,1039.0,1039.0
1,6,3,1,7,0.8,25.9,1396.0,10170,50,0.0,0,0,56.5,0.800128721,1396.0,1396.0,1396.0,1396.0
1,6,3,1,8,0.8,25.9,1292.0,10170,50,0.0,0,0,56.5,0.800128721,1292.0,1292.0,1292.0,1292.0
1,6,3,1,1,0.8,48.68,171.0,10620,63,0.0,0,0,59.0,0.800117103,171.0,171.0,171.0,171.0
1,6,3,1,9,0.8,26.16,1128.0,10620,63,0.0,0,0,59.0,0.800117103,1128.0,1128.0,1128.0,1128.0
1,6,3,1,2,0.6,22.94,865.0,6570,23,0.0,0,0,56.5,0.77011398,865.0,865.0,865.0,865.0
1,6,3,1,4,0.7,22.52,825.0,10170,50,0.0,0,0,56.5,0.7005417,825.0,825.0,825.0,825.0
1,6,3,2,8,0.8,2.9,,1440,0,0.0,0,0,8.0,0.675568182,1190.0,1039.0,904.0,813.0
1,6,3,2,7,0.8,2.9,,1440,0,0.0,0,0,8.0,0.661837121,1190.0,1039.0,904.0,778.0
1,6,3,1,10,0.65,22.52,1163.0,9720,35,0.0,0,0,54.0,0.650198653,1163.0,1163.0,1163.0,1163.0
1,6,3,1,3,0.6,22.52,1140.0,10170,30,0.0,0,0,56.5,0.600291767,1140.0,1140.0,1140.0,1140.0
1,6,3,1,11,0.6,14.89,1027.0,10080,38,0.0,0,0,56.0,0.600273268,1027.0,1027.0,1027.0,1027.0
1,6,3,2,6,0.8,2.9,,900,0,0.0,0,0,5.0,0.465757576,1190.0,1039.0,806.0,761.0
1,6,3,1,5,0.7,41.19,1052.0,10440,21,0.0,0,0,58.0,0.452012539,1052.0,1052.0,1052.0,1052.0
1,6,3,2,11,0.8,4.15,,1260,0,0.0,0,0,7.0,0.313852814,1190.0,1039.0,771.0,798.0
1,7,3,2,5,0.6,4.15,,1440,0,0.0,0,0,8.0,0.852793561,1190.0,1039.0,904.0,796.0
1,7,3,2,11,0.65,4.15,,2160,0,0.0,0,0,12.0,0.838383838,1190.0,1039.0,891.0,852.0
1,7,3,2,6,0.8,2.9,,1800,0,0.0,0,0,10.0,0.804848485,1190.0,1039.0,717.0,801.0
1,7,3,1,6,0.8,11.41,1140.0,5490,63,0.0,0,0,30.5,0.800343766,1140.0,1140.0,1140.0,1140.0
1,7,3,1,7,0.8,48.84,624.0,10170,50,0.0,0,0,56.5,0.800128721,624.0,624.0,624.0,624.0
1,7,3,1,8,0.8,25.9,1288.0,10170,38,0.0,0,0,56.5,0.800128721,1288.0,1288.0,1288.0,1288.0
1,7,3,1,9,0.8,26.16,1381.0,3660,50,0.0,0,0,59.0,0.800015009,1381.0,1381.0,1381.0,1381.0
1,7,3,1,4,0.7,22.52,882.0,10170,50,0.0,0,0,56.5,0.7005417,882.0,882.0,882.0,882.0
1,7,3,1,10,0.7,22.52,1002.0,10080,40,0.0,0,0,56.0,0.700094156,1002.0,1002.0,1002.0,1002.0
1,7,3,2,7,0.8,2.9,,1440,0,0.0,0,0,8.0,0.692045455,1190.0,1039.0,904.0,780.0
1,7,3,1,12,0.8,26.87,585.0,5670,56,0.0,0,0,31.5,0.662255892,585.0,585.0,585.0,585.0
1,7,3,1,3,0.65,22.52,1138.0,10170,35,0.0,0,0,56.5,0.650416734,1138.0,1138.0,1138.0,1138.0
1,7,3,1,11,0.65,14.89,1140.0,10260,44,0.0,0,0,57.0,0.650299575,1140.0,1140.0,1140.0,1140.0
1,7,3,1,2,0.65,22.94,1025.0,10170,26,0.0,0,0,56.5,0.650243497,1025.0,1025.0,1025.0,1025.0
1,7,3,2,8,0.8,2.9,,1440,0,0.0,0,0,8.0,0.639867424,1190.0,1039.0,904.0,833.0
1,7,3,1,5,0.6,20.4,1031.0,10440,30,0.0,0,0,58.0,0.600062696,1031.0,1031.0,1031.0,1031.0
1,7,3,2,9,0.8,3.94,,1800,0,0.0,0,0,10.0,0.582045455,1190.0,1039.0,717.0,851.0
1,7,3,1,1,0.8,49.1,1381.0,10350,24,0.0,0,0,57.5,0.403242161,1381.0,1381.0,1381.0,1381.0
1,7,3,2,10,0.7,3.94,,1440,0,0.0,0,0,8.0,0.235795455,1190.0,1039.0,905.0,874.0
1,1,3,2,4,0.7,4.3,,5040,0,0.0,0,0,28.0,0.977272727,1190.0,1039.0,889.0,1553.0
1,1,3,2,9,0.8,3.94,,1800,0,0.0,0,0,10.0,0.964106061,1190.0,1039.0,717.0,1366.0
1,1,3,2,5,0.65,4.15,,1440,0,0.0,0,0,8.0,0.958901515,1190.0,1039.0,903.0,1308.0
1,1,3,1,6,0.8,11.41,1028.0,4380,50,0.0,0,0,31.0,0.800358775,1028.0,1028.0,1028.0,1028.0
1,1,3,1,8,0.8,25.9,1380.0,3630,50,0.0,0,0,56.5,0.800162602,1380.0,1380.0,1380.0,1380.0
1,1,3,1,9,0.8,26.16,1196.0,10620,63,0.0,0,0,59.0,0.800117103,1196.0,1196.0,1196.0,1196.0
1,1,3,2,12,0.8,2.9,,1440,0,0.0,0,0,8.0,0.793844697,1190.0,1039.0,904.0,949.0
1,1,3,1,2,0.7,22.94,1006.0,10170,38,0.0,0,0,56.5,0.750517565,1006.0,1006.0,1006.0,1006.0
1,1,3,1,4,0.7,22.52,930.0,10260,63,0.0,0,0,57.0,0.750068049,930.0,930.0,930.0,930.0
1,1,3,1,3,0.7,22.52,1095.0,10170,50,0.0,0,0,56.5,0.750062751,1095.0,1095.0,1095.0,1095.0
1,1,3,1,10,0.7,22.52,938.0,10080,63,0.0,0,0,56.0,0.750057359,938.0,938.0,938.0,938.0
1,1,3,1,11,0.7,14.89,1484.0,10260,50,0.0,0,0,57.0,0.700170388,1484.0,1484.0,1484.0,1484.0
1,1,3,2,8,0.8,2.9,,1440,0,0.0,0,0,8.0,0.683806818,1190.0,1039.0,903.0,871.0
1,1,3,1,5,0.65,20.4,1255.0,8280,35,0.0,0,0,58.0,0.650066445,1255.0,1255.0,1255.0,1255.0
1,1,3,1,7,0.8,48.84,1040.0,10260,30,0.0,0,0,57.0,0.576460393,1040.0,1040.0,1040.0,1040.0
1,1,3,1,1,0.5,22.94,1492.0,10170,30,0.0,0,0,56.5,0.549969429,1492.0,1492.0,1492.0,1492.0
1,1,3,2,10,0.7,3.94,,1440,0,0.0,0,0,8.0,0.538399621,1190.0,1039.0,904.0,949.0
1,1,3,2,11,0.7,4.15,,1440,0,0.0,0,0,8.0,0.409545455,1190.0,1039.0,904.0,939.0
1,1,3,1,12,0.35,15.26,1111.0,6120,23,0.0,0,0,34.0,0.35021836,1111.0,1111.0,1111.0,1111.0
1,2,3,2,5,0.7,4.15,,1440,0,0.0,0,0,8.0,1.033570076,1190.0,1039.0,903.0,2812.0
1,2,3,1,6,0.8,11.41,1047.0,5580,63,0.0,0,0,31.0,0.800261486,1047.0,1047.0,1047.0,1047.0
1,2,3,1,8,0.8,25.9,1434.0,10170,50,0.0,0,0,56.5,0.800128721,1434.0,1434.0,1434.0,1434.0
1,2,3,1,9,0.8,26.16,399.0,10620,63,0.0,0,0,59.0,0.800117103,399.0,399.0,399.0,399.0
1,2,3,1,4,0.7,22.52,983.0,10260,63,0.0,0,0,57.0,0.750068049,983.0,983.0,983.0,983.0
1,2,3,1,10,0.7,22.52,1108.0,10080,63,0.0,0,0,56.0,0.750057359,1108.0,1108.0,1108.0,1108.0
1,2,3,1,3,0.7,22.52,1134.0,8460,50,0.0,0,0,57.0,0.750037968,1134.0,1134.0,1134.0,1134.0
1,2,3,1,2,0.7,22.94,1363.0,10260,50,0.0,0,0,57.0,0.750031898,1363.0,1363.0,1363.0,1363.0
1,2,3,2,9,0.8,3.94,,1800,0,0.0,0,0,10.0,0.72830303,1190.0,1039.0,716.0,755.0
1,2,3,1,11,0.7,14.89,1501.0,10260,50,0.0,0,0,57.0,0.700170388,1501.0,1501.0,1501.0,1501.0
1,2,3,1,5,0.7,20.4,1352.0,10260,50,0.0,0,0,57.0,0.700063796,1352.0,1352.0,1352.0,1352.0
1,2,3,2,8,0.8,2.9,,1440,0,0.0,0,0,8.0,0.639867424,1190.0,1039.0,904.0,783.0
1,2,3,1,12,0.5,15.26,1352.0,3720,23,0.0,0,0,34.0,0.500290419,1352.0,1352.0,1352.0,1352.0
1,2,3,1,7,0.35,22.94,1450.0,10080,30,0.0,0,0,56.0,0.400332792,1450.0,1450.0,1450.0,1450.0
1,2,3,2,11,0.7,4.15,,2700,0,0.0,0,0,15.0,0.362666667,1190.0,1039.0,934.0,742.0
1,3,3,2,4,0.75,4.3,,6000,0,0.0,0,0,20.0,0.978525641,1190.0,1039.0,1840.0,904.0
1,3,3,2,2,0.7,3.94,,5100,0,0.0,0,0,17.0,0.912202112,1190.0,1039.0,930.0,1109.0
1,3,3,1,4,0.75,22.52,825.0,10080,94,0.0,0,0,56.0,0.900556277,825.0,825.0,825.0,825.0
1,3,3,1,6,0.8,11.61,916.0,5760,75,0.0,0,0,89.0,0.850410511,916.0,916.0,916.0,916.0
1,3,3,2,9,0.8,3.94,,2400,0,0.0,0,0,8.0,0.827147436,1190.0,1039.0,865.0,792.0
1,3,3,1,8,0.8,25.9,562.0,7470,38,0.0,0,0,56.5,0.800436542,562.0,562.0,562.0,562.0
1,3,3,1,2,0.7,22.94,1422.0,10500,60,0.0,0,0,57.0,0.800415742,1422.0,1422.0,1422.0,1422.0
1,3,3,1,10,0.7,22.52,1206.0,10080,75,0.0,0,0,56.0,0.800020563,1206.0,1206.0,1206.0,1206.0
1,3,3,2,5,0.7,4.15,,2400,0,0.0,0,0,8.0,0.758173077,1190.0,1039.0,865.0,697.0
1,3,3,1,5,0.7,20.4,1404.0,10440,50,0.0,0,0,58.0,0.750344828,1404.0,1404.0,1404.0,1404.0
1,3,3,1,3,0.7,22.52,1139.0,10260,63,0.0,0,0,57.0,0.750068049,1139.0,1139.0,1139.0,1139.0
1,3,3,1,11,0.7,14.89,1735.0,10260,50,0.0,0,0,57.0,0.700170388,1735.0,1735.0,1735.0,1735.0
1,3,3,1,1,0.65,22.94,1595.0,10260,34,0.0,0,0,57.0,0.700029771,1595.0,1595.0,1595.0,1595.0
1,3,3,1,12,0.6,15.26,1245.0,6360,23,0.0,0,0,34.0,0.60017284,1245.0,1245.0,1245.0,1245.0
1,3,3,2,8,0.8,2.9,,2400,0,0.0,0,0,8.0,0.594871795,1190.0,1039.0,866.0,791.0
1,3,3,1,9,0.8,54.56,757.0,4140,29,0.0,0,0,58.0,0.520237649,757.0,757.0,757.0,757.0
1,3,3,2,1,0.65,3.94,,2400,0,0.0,0,0,8.0,0.505128205,1190.0,1039.0,866.0,767.0
1,3,3,1,7,0.5,22.52,1720.0,10080,23,0.0,0,0,56.0,0.500241342,1720.0,1720.0,1720.0,1720.0
1,3,3,2,11,0.7,4.15,,2700,0,0.0,0,0,9.0,0.470769231,1190.0,1039.0,934.0,802.0
1,4,4,2,7,0.6,3.94,,6000,0,0.0,0,0,10.0,0.957638889,1190.0,1039.0,1876.0,967.0
1,4,4,2,10,0.75,3.94,,8400,0,0.0,0,0,14.0,0.940701058,1190.0,1039.0,1058.0,960.0
1,4,4,1,4,0.75,22.52,759.0,10080,81,0.0,0,0,56.0,0.849983766,759.0,759.0,759.0,759.0
1,4,4,1,2,0.7,22.94,1510.0,10620,60,0.0,0,0,57.0,0.800302791,1510.0,1510.0,1510.0,1510.0
1,4,4,1,6,0.8,11.61,955.0,6360,63,0.0,0,0,32.0,0.800191989,955.0,955.0,955.0,955.0
1,4,4,1,10,0.75,22.52,1328.0,10080,55,0.0,0,0,56.0,0.800020563,1328.0,1328.0,1328.0,1328.0
1,4,4,1,1,0.7,22.94,1384.0,12180,63,0.0,0,0,57.0,0.750162367,1384.0,1384.0,1384.0,1384.0
1,4,4,1,3,0.7,22.52,1244.0,10260,63,0.0,0,0,57.0,0.750068049,1244.0,1244.0,1244.0,1244.0
1,4,4,2,5,0.7,4.15,,9000,0,0.0,0,0,15.0,0.742901235,1190.0,1039.0,1032.0,799.0
1,4,4,1,5,0.7,20.4,1480.0,10440,40,0.0,0,0,58.0,0.700250784,1480.0,1480.0,1480.0,1480.0
1,4,4,1,11,0.7,14.89,1863.0,10260,50,0.0,0,0,57.0,0.700170388,1863.0,1863.0,1863.0,1863.0
1,4,4,2,4,0.75,4.3,,9000,0,0.0,0,0,15.0,0.670216049,1190.0,1039.0,1032.0,802.0
1,4,4,2,1,0.7,3.94,,15000,0,0.0,0,0,25.0,0.649662222,1190.0,1039.0,733.0,880.0
1,4,4,2,2,0.7,3.94,,15000,0,0.0,0,0,25.0,0.649662222,1190.0,1039.0,733.0,820.0
1,4,4,2,6,0.8,2.9,,4800,0,0.0,0,0,8.0,0.626822917,1190.0,1039.0,976.0,863.0
1,4,4,1,12,0.6,15.26,1492.0,6960,23,0.0,0,0,34.0,0.600436426,1492.0,1492.0,1492.0,1492.0
1,4,4,1,7,0.6,22.52,1859.0,10260,23,0.0,0,0,57.0,0.60041361,1859.0,1859.0,1859.0,1859.0
1,4,4,1,8,0.8,40.99,980.0,10770,30,0.0,0,0,56.5,0.555500132,980.0,980.0,980.0,980.0
1,4,4,1,9,0.5,29.12,970.0,10440,30,0.0,0,0,58.0,0.500547544,970.0,970.0,970.0,970.0
1,4,4,2,3,0.7,3.94,,12000,0,0.0,0,0,20.0,0.460578704,1190.0,1039.0,1139.0,865.0
1,4,4,2,8,0.8,2.9,,4800,0,0.0,0,0,8.0,0.397743056,1190.0,1039.0,976.0,862.0
1,4,4,2,12,0.6,4.08,,5400,0,0.0,0,0,9.0,0.327407407,1190.0,1039.0,1057.0,1022.0
1,6,4,2,5,0.7,4.15,,2700,0,0.0,0,0,15.0,0.966666667,1190.0,1039.0,935.0,858.0
1,6,4,2,10,0.75,3.94,,1800,0,0.0,0,0,10.0,0.937242424,1190.0,1039.0,717.0,930.0
1,6,4,2,8,0.8,2.9,,1620,0,0.0,0,0,9.0,0.910521886,1190.0,1039.0,818.0,945.0
1,6,4,1,2,0.75,22.94,1606.0,10260,94,0.0,0,0,57.0,0.90064806,1606.0,1606.0,1606.0,1606.0
1,6,4,1,4,0.75,22.52,727.0,10260,94,0.0,0,0,57.0,0.900321106,727.0,727.0,727.0,727.0
1,6,4,2,11,0.75,4.15,,1800,0,0.0,0,0,10.0,0.896022727,1190.0,1039.0,717.0,837.0
1,6,4,2,3,0.75,3.94,,1440,0,0.0,0,0,8.0,0.895454545,1190.0,1039.0,903.0,781.0
1,6,4,2,7,0.65,3.94,,2160,0,0.0,0,0,12.0,0.870580808,1190.0,1039.0,891.0,806.0
1,6,4,2,12,0.7,4.08,,1620,0,0.0,0,0,9.0,0.858585859,1190.0,1039.0,818.0,943.0
1,6,4,1,1,0.7,22.94,1472.0,10260,75,0.0,0,0,57.0,0.800643806,1472.0,1472.0,1472.0,1472.0
1,6,4,1,10,0.75,22.52,1332.0,10080,69,0.0,0,0,56.0,0.80062987,1332.0,1332.0,1332.0,1332.0
1,6,4,1,6,0.8,11.61,1009.0,5640,63,0.0,0,0,32.0,0.800537143,1009.0,1009.0,1009.0,1009.0
1,6,4,1,3,0.75,22.52,1266.0,10260,69,0.0,0,0,57.0,0.80035194,1266.0,1266.0,1266.0,1266.0
1,6,4,1,12,0.75,15.26,1316.0,6120,40,0.0,0,0,34.0,0.750079323,1316.0,1316.0,1316.0,1316.0
1,6,4,1,11,0.75,42.97,1282.0,10260,56,0.0,0,0,57.0,0.750041201,1282.0,1282.0,1282.0,1282.0
1,6,4,1,5,0.7,20.4,1382.0,10440,50,0.0,0,0,58.0,0.700250784,1382.0,1382.0,1382.0,1382.0
1,6,4,2,4,0.75,4.3,,2160,0,0.0,0,0,12.0,0.651515152,1190.0,1039.0,891.0,772.0
1,6,4,1,7,0.65,22.52,1295.0,10170,26,0.0,0,0,56.5,0.650416734,1295.0,1295.0,1295.0,1295.0
1,6,4,1,9,0.6,29.12,925.0,6660,23,0.0,0,0,58.0,0.600125217,925.0,925.0,925.0,925.0
1,6,4,2,2,0.75,3.94,,1440,0,0.0,0,0,8.0,0.578314394,1190.0,1039.0,903.0,770.0
1,6,4,2,1,0.7,3.94,,1440,0,0.0,0,0,8.0,0.578314394,1190.0,1039.0,903.0,797.0
1,6,4,1,8,0.35,15.09,1448.0,9360,23,0.0,0,0,52.0,0.34998951,1448.0,1448.0,1448.0,1448.0
1,6,4,2,9,0.6,3.94,,1440,0,0.0,0,0,8.0,0.261174242,1190.0,1039.0,904.0,892.0
1,7,4,2,5,0.7,4.15,,3060,0,0.0,0,0,17.0,0.973796791,1190.0,1039.0,865.0,876.0
1,7,4,2,2,0.75,3.94,,1440,0,0.0,0,0,8.0,0.970075758,1190.0,1039.0,903.0,1059.0
1,7,4,2,1,0.7,3.94,,1440,0,0.0,0,0,8.0,0.970075758,1190.0,1039.0,903.0,1080.0
1,7,4,2,3,0.75,3.94,,1620,0,0.0,0,0,9.0,0.961784512,1190.0,1039.0,817.0,888.0
1,7,4,2,10,0.75,3.94,,3420,0,0.0,0,0,19.0,0.955151515,1190.0,1039.0,930.0,957.0
1,7,4,2,4,0.75,4.3,,2160,0,0.0,0,0,12.0,0.952020202,1190.0,1039.0,891.0,891.0
1,7,4,1,4,0.75,22.52,867.0,10260,94,0.0,0,0,57.0,0.900321106,867.0,867.0,867.0,867.0
1,7,4,1,2,0.75,22.94,1636.0,10530,81,0.0,0,0,58.5,0.850223776,1636.0,1636.0,1636.0,1636.0
1,7,4,1,1,0.7,22.94,1682.0,10530,75,0.0,0,0,58.5,0.800909609,1682.0,1682.0,1682.0,1682.0
1,7,4,1,3,0.75,22.52,1495.0,10350,55,0.0,0,0,57.5,0.800513307,1495.0,1495.0,1495.0,1495.0
1,7,4,1,6,0.8,11.61,1181.0,5760,63,0.0,0,0,32.0,0.800386364,1181.0,1181.0,1181.0,1181.0
1,7,4,1,10,0.75,22.52,1413.0,10080,69,0.0,0,0,56.0,0.800020563,1413.0,1413.0,1413.0,1413.0
1,7,4,2,7,0.65,3.94,,2520,0,0.0,0,0,14.0,0.749188312,1190.0,1039.0,926.0,800.0
1,7,4,1,7,0.7,22.52,360.0,10170,40,0.0,0,0,56.5,0.7005417,360.0,360.0,360.0,360.0
1,7,4,1,12,0.7,15.26,1296.0,6120,40,0.0,0,0,34.0,0.70043672,1296.0,1296.0,1296.0,1296.0
1,7,4,1,5,0.7,20.4,1217.0,10440,50,0.0,0,0,58.0,0.700250784,1217.0,1217.0,1217.0,1217.0
1,7,4,1,9,0.65,29.12,1086.0,10440,26,0.0,0,0,58.0,0.650407524,1086.0,1086.0,1086.0,1086.0
1,7,4,2,12,0.7,4.08,,1620,0,0.0,0,0,9.0,0.618181818,1190.0,1039.0,818.0,979.0
1,7,4,1,11,0.75,42.97,532.0,10260,40,0.0,0,0,57.0,0.59114168,532.0,532.0,532.0,532.0
1,7,4,1,8,0.5,15.09,1557.0,720,23,0.0,0,0,52.0,0.500061916,1557.0,1557.0,1557.0,1557.0
1,7,4,2,8,0.8,2.9,,720,0,0.0,0,0,4.0,0.329545455,1190.0,1039.0,945.0,825.0
1,1,4,2,3,0.75,3.94,,1800,0,0.0,0,0,10.0,1.059621212,1190.0,1039.0,716.0,3433.0
1,1,4,2,10,0.75,3.94,,3780,0,0.0,0,0,21.0,0.997792208,1190.0,1039.0,1238.0,1612.0
1,1,4,2,4,0.75,4.3,,2160,0,0.0,0,0,12.0,0.963699495,1190.0,1039.0,890.0,1291.0
1,1,4,2,5,0.7,4.15,,2700,0,0.0,0,0,15.0,0.959191919,1190.0,1039.0,935.0,1309.0
1,1,4,2,2,0.75,3.94,,1800,0,0.0,0,0,10.0,0.910378788,1190.0,1039.0,716.0,1353.0
1,1,4,2,1,0.7,3.94,,1800,0,0.0,0,0,10.0,0.910378788,1190.0,1039.0,716.0,1404.0
1,1,4,1,4,0.8,22.52,1016.0,10170,60,0.0,0,0,56.5,0.850312684,1016.0,1016.0,1016.0,1016.0
1,1,4,1,6,0.8,11.61,1072.0,5760,50,0.0,0,0,32.0,0.800386364,1072.0,1072.0,1072.0,1072.0
1,1,4,1,3,0.75,22.52,1584.0,10260,69,0.0,0,0,57.0,0.80035194,1584.0,1584.0,1584.0,1584.0
1,1,4,1,2,0.75,22.94,1764.0,10260,55,0.0,0,0,57.0,0.800034024,1764.0,1764.0,1764.0,1764.0
1,1,4,1,1,0.7,22.94,1745.0,10440,60,0.0,0,0,58.0,0.800023511,1745.0,1745.0,1745.0,1745.0
1,1,4,1,10,0.75,22.52,1250.0,10080,55,0.0,0,0,56.0,0.800020563,1250.0,1250.0,1250.0,1250.0
1,1,4,2,12,0.7,4.08,,1620,0,0.0,0,0,9.0,0.769292929,1190.0,1039.0,818.0,1063.0
1,1,4,1,5,0.75,20.4,1118.0,10320,56,0.0,0,0,58.0,0.750031447,1118.0,1118.0,1118.0,1118.0
1,1,4,1,9,0.7,29.12,1143.0,10440,40,0.0,0,0,58.0,0.70061442,1143.0,1143.0,1143.0,1143.0
1,1,4,1,12,0.7,15.26,1337.0,6120,40,0.0,0,0,34.0,0.70043672,1337.0,1337.0,1337.0,1337.0
1,1,4,2,7,0.65,3.94,,1440,0,0.0,0,0,8.0,0.646306818,1190.0,1039.0,904.0,1013.0
1,1,4,1,8,0.6,15.09,1519.0,360,23,0.0,0,0,52.0,0.600143365,1519.0,1519.0,1519.0,1519.0
1,1,4,1,11,0.35,28.08,749.0,10260,23,0.0,0,0,57.0,0.350066986,749.0,749.0,749.0,749.0
1,2,4,1,2,0.75,22.52,1635.0,6840,119,0.0,0,0,57.0,1.000230409,1635.0,1635.0,1635.0,1635.0
1,2,4,1,3,0.75,22.52,1299.0,6840,119,0.0,0,0,57.0,1.000230409,1299.0,1299.0,1299.0,1299.0
1,2,4,2,10,0.8,3.94,,1440,0,0.0,0,0,12.0,0.979527778,1190.0,1039.0,907.0,884.0
1,2,4,2,4,0.8,4.3,,1440,0,0.0,0,0,12.0,0.940625,1190.0,1039.0,906.0,861.0
1,2,4,2,5,0.5,4.15,,1440,0,0.0,0,0,12.0,0.926388889,1190.0,1039.0,906.0,832.0
1,2,4,1,10,0.8,22.52,1134.0,6720,70,0.0,0,0,56.0,0.900129762,1134.0,1134.0,1134.0,1134.0
1,2,4,2,3,0.75,3.94,,1440,0,0.0,0,0,12.0,0.861875,1190.0,1039.0,906.0,717.0
1,2,4,1,4,0.8,22.52,1106.0,6780,60,0.0,0,0,56.5,0.850312684,1106.0,1106.0,1106.0,1106.0
1,2,4,2,8,0.65,3.94,,960,0,0.0,0,0,8.0,0.845458333,1190.0,1039.0,818.0,780.0
1,2,4,2,12,0.7,4.15,,1080,0,0.0,0,0,9.0,0.823555556,1190.0,1039.0,859.0,915.0
1,2,4,2,7,0.5,4.15,,960,0,0.0,0,0,8.0,0.803541667,1190.0,1039.0,818.0,776.0
1,2,4,1,1,0.75,22.94,1871.0,6960,55,0.0,0,0,58.0,0.800263218,1871.0,1871.0,1871.0,1871.0
1,2,4,2,2,0.75,3.94,,1200,0,0.0,0,0,10.0,0.788,1190.0,1039.0,762.0,706.0
1,2,4,2,1,0.75,3.94,,1200,0,0.0,0,0,10.0,0.77815,1190.0,1039.0,762.0,750.0
1,2,4,1,9,0.7,29.12,1294.0,6960,50,0.0,0,0,58.0,0.700386207,1294.0,1294.0,1294.0,1294.0
1,2,4,1,12,0.7,15.26,1462.0,4080,40,0.0,0,0,34.0,0.700164706,1462.0,1462.0,1462.0,1462.0
1,2,4,1,8,0.65,15.09,976.0,240,23,0.0,0,0,52.0,0.650307143,976.0,976.0,976.0,976.0
1,2,4,1,6,0.8,30.4,338.0,3840,34,0.0,0,0,32.0,0.622828125,338.0,338.0,338.0,338.0
1,2,4,2,6,0.8,2.9,,960,0,0.0,0,0,8.0,0.6225,1190.0,1039.0,818.0,722.0
1,2,4,1,5,0.5,20.79,1455.0,6960,30,0.0,0,0,58.0,0.500035345,1455.0,1455.0,1455.0,1455.0
1,2,4,1,11,0.5,48.18,1282.0,6480,23,0.0,0,0,54.0,0.37046657,1282.0,1282.0,1282.0,1282.0
1,3,4,1,2,0.8,22.52,1559.0,6840,90,0.0,0,0,57.0,1.000230409,1559.0,1559.0,1559.0,1559.0
1,3,4,1,3,0.8,22.52,1350.0,6840,113,0.0,0,0,57.0,1.000230409,1350.0,1350.0,1350.0,1350.0
1,3,4,2,6,0.35,2.9,,1800,0,0.0,0,0,15.0,0.977555556,1190.0,1039.0,709.0,855.0
1,3,4,2,1,0.75,3.94,,1200,0,0.0,0,0,10.0,0.9456,1190.0,1039.0,762.0,1064.0
1,3,4,2,2,0.8,3.94,,1800,0,0.0,0,0,15.0,0.902222222,1190.0,1039.0,707.0,1038.0
1,3,4,1,10,0.8,22.52,1175.0,6720,60,0.0,0,0,56.0,0.850532143,1175.0,1175.0,1175.0,1175.0
1,3,4,1,1,0.75,22.94,1868.0,6960,81,0.0,0,0,58.0,0.850362069,1868.0,1868.0,1868.0,1868.0
1,3,4,2,10,0.8,3.94,,1200,0,0.0,0,0,10.0,0.840533333,1190.0,1039.0,763.0,784.0
1,3,4,1,5,0.6,20.79,1045.0,6960,88,0.0,0,0,58.0,0.800534483,1045.0,1045.0,1045.0,1045.0
1,3,4,1,4,0.8,22.52,1342.0,6780,50,0.0,0,0,56.5,0.800489676,1342.0,1342.0,1342.0,1342.0
1,3,4,2,12,0.75,4.08,,1080,0,0.0,0,0,9.0,0.755555556,1190.0,1039.0,859.0,890.0
1,3,4,1,9,0.7,29.12,1340.0,6960,63,0.0,0,0,58.0,0.750593103,1340.0,1340.0,1340.0,1340.0
1,3,4,1,12,0.75,15.26,1429.0,3600,45,0.0,0,0,35.0,0.750283333,1429.0,1429.0,1429.0,1429.0
1,3,4,2,4,0.8,4.3,,1440,0,0.0,0,0,12.0,0.722638889,1190.0,1039.0,906.0,736.0
1,3,4,2,8,0.65,4.15,,960,0,0.0,0,0,8.0,0.553333333,1190.0,1039.0,818.0,852.0
1,3,4,1,11,0.5,20.1,1413.0,5880,46,0.0,0,0,54.0,0.500567308,1413.0,1413.0,1413.0,1413.0
1,3,4,1,8,0.7,38.09,336.0,6240,0,0.0,0,0,52.0,0.467693269,336.0,336.0,336.0,336.0
1,3,4,1,6,0.35,18.79,511.0,1800,23,0.0,0,0,32.0,0.437995338,511.0,511.0,511.0,511.0
1,3,4,2,7,0.6,3.94,,960,0,0.0,0,0,8.0,0.406354167,1190.0,1039.0,818.0,812.0
1,3,4,1,7,0.6,23.54,958.0,6600,0,0.0,0,0,55.0,0.285333333,958.0,958.0,958.0,958.0
1,3,4,2,11,0.5,2.9,,960,0,0.0,0,0,8.0,0.259375,1190.0,1039.0,819.0,850.0
1,4,5,1,2,0.8,22.52,1416.0,6840,113,0.0,0,0,57.0,1.000230409,1416.0,1416.0,1416.0,1416.0
1,4,5,2,4,0.8,4.3,,1200,0,0.0,0,0,10.0,0.989,1190.0,1039.0,762.0,930.0
1,4,5,1,3,0.8,22.52,1287.0,6840,100,0.0,0,0,57.0,0.950185965,1287.0,1287.0,1287.0,1287.0
1,4,5,1,4,0.8,22.52,1444.0,6900,88,0.0,0,0,57.5,0.9008,1444.0,1444.0,1444.0,1444.0
1,4,5,1,10,0.8,22.52,1088.0,6720,88,0.0,0,0,56.0,0.900129762,1088.0,1088.0,1088.0,1088.0
1,4,5,2,6,0.5,2.9,,1200,0,0.0,0,0,10.0,0.899,1190.0,1039.0,763.0,790.0
1,4,5,2,8,0.65,4.15,,960,0,0.0,0,0,8.0,0.877552083,1190.0,1039.0,818.0,811.0
1,4,5,2,11,0.6,2.9,,960,0,0.0,0,0,8.0,0.864583333,1190.0,1039.0,819.0,852.0
1,4,5,2,10,0.8,3.94,,1200,0,0.0,0,0,10.0,0.85695,1190.0,1039.0,763.0,815.0
1,4,5,2,1,0.75,3.94,,1200,0,0.0,0,0,10.0,0.853666667,1190.0,1039.0,762.0,779.0
1,4,5,1,1,0.75,22.94,1579.0,6960,81,0.0,0,0,58.0,0.850362069,1579.0,1579.0,1579.0,1579.0
1,4,5,1,9,0.7,29.12,1170.0,6960,53,0.0,0,0,58.0,0.850170115,1170.0,1170.0,1170.0,1170.0
1,4,5,1,5,0.65,20.79,1015.0,7080,81,0.0,0,0,59.0,0.800473729,1015.0,1015.0,1015.0,1015.0
1,4,5,2,2,0.8,3.94,,1200,0,0.0,0,0,10.0,0.773333333,1190.0,1039.0,762.0,732.0
1,4,5,1,12,0.75,15.26,1436.0,4200,45,0.0,0,0,35.0,0.750646667,1436.0,1436.0,1436.0,1436.0
1,4,5,2,12,0.75,4.08,,1080,0,0.0,0,0,9.0,0.634666667,1190.0,1039.0,859.0,945.0
1,4,5,1,11,0.6,20.1,1601.0,4320,46,0.0,0,0,51.0,0.60059761,1601.0,1601.0,1601.0,1601.0
1,4,5,1,6,0.5,18.79,717.0,3960,23,0.0,0,0,33.0,0.500117677,717.0,717.0,717.0,717.0
1,4,5,2,3,0.8,3.94,,960,0,0.0,0,0,8.0,0.4925,1190.0,1039.0,818.0,749.0
1,4,5,1,7,0.65,23.54,830.0,6600,0,0.0,0,0,55.0,0.48792,830.0,830.0,830.0,830.0
1,6,5,1,3,0.8,22.52,1136.0,6960,113,0.0,0,0,58.0,1.000457471,1136.0,1136.0,1136.0,1136.0
1,6,5,1,2,0.8,22.52,1397.0,6840,113,0.0,0,0,57.0,1.000230409,1397.0,1397.0,1397.0,1397.0
1,6,5,2,2,0.8,3.94,,1200,0,0.0,0,0,10.0,0.971866667,1190.0,1039.0,762.0,1045.0
1,6,5,2,3,0.8,3.94,,960,0,0.0,0,0,8.0,0.971866667,1190.0,1039.0,818.0,921.0
1,6,5,2,4,0.8,3.94,,1200,0,0.0,0,0,10.0,0.971866667,1190.0,1039.0,762.0,935.0
1,6,5,2,10,0.8,3.94,,1200,0,0.0,0,0,10.0,0.971866667,1190.0,1039.0,763.0,962.0
1,6,5,2,1,0.75,3.94,,1800,0,0.0,0,0,15.0,0.971866667,1190.0,1039.0,708.0,1075.0
1,6,5,2,9,0.75,3.94,,240,0,0.0,0,0,2.0,0.971866667,1190.0,1039.0,940.0,928.0
1,6,5,2,12,0.75,4.08,,1080,0,0.0,0,0,9.0,0.971866667,1190.0,1039.0,859.0,988.0
1,6,5,2,5,0.7,3.94,,240,0,0.0,0,0,2.0,0.971866667,1190.0,1039.0,940.0,889.0
1,6,5,2,7,0.7,3.94,,1200,0,0.0,0,0,10.0,0.971866667,1190.0,1039.0,763.0,919.0
1,6,5,2,8,0.65,3.94,,960,0,0.0,0,0,8.0,0.971866667,1190.0,1039.0,818.0,926.0
1,6,5,2,11,0.65,3.94,,600,0,0.0,0,0,5.0,0.971866667,1190.0,1039.0,865.0,940.0
1,6,5,2,6,0.6,3.94,,1200,0,0.0,0,0,10.0,0.971866667,1190.0,1039.0,763.0,900.0
1,6,5,1,10,0.8,22.52,1116.0,6720,93,0.0,0,0,56.0,0.920236905,1116.0,1116.0,1116.0,1116.0
1,6,5,1,4,0.8,22.52,1432.0,6660,88,0.0,0,0,57.5,0.900537069,1432.0,1432.0,1432.0,1432.0
1,6,5,1,9,0.75,29.12,1082.0,6840,81,0.0,0,0,57.0,0.850610526,1082.0,1082.0,1082.0,1082.0
1,6,5,1,1,0.75,22.94,1502.0,6960,81,0.0,0,0,58.0,0.850362069,1502.0,1502.0,1502.0,1502.0
1,6,5,1,12,0.75,15.26,1209.0,4200,45,0.0,0,0,35.0,0.750646667,1209.0,1209.0,1209.0,1209.0
1,6,5,1,5,0.7,50.89,282.0,5880,56,0.0,0,0,59.0,0.656763743,282.0,282.0,282.0,282.0
1,6,5,1,11,0.65,20.1,1417.0,6480,49,0.0,0,0,54.0,0.650148148,1417.0,1417.0,1417.0,1417.0
1,6,5,1,6,0.6,18.79,799.0,3960,23,0.0,0,0,33.0,0.600710606,799.0,799.0,799.0,799.0
1,6,5,1,7,0.7,23.54,1109.0,6720,0,0.0,0,0,56.0,0.388830357,1109.0,1109.0,1109.0,1109.0
1,6,5,1,8,0.5,23.54,1144.0,6480,0,0.0,0,0,54.0,0.286984568,1144.0,1144.0,1144.0,1144.0
2,7,1,2,8,0.65,4.15,,960,0,0.0,0,0,8.0,1.0115625,1190.0,1039.0,818.0,2042.0
2,7,1,1,2,0.8,22.52,1396.0,6900,113,0.0,0,0,57.5,1.000671304,1396.0,1396.0,1396.0,1396.0
2,7,1,1,1,0.8,22.94,1582.0,3060,113,0.0,0,0,58.5,1.000402055,1582.0,1582.0,1582.0,1582.0
2,7,1,2,1,0.75,3.94,,2280,0,0.0,0,0,19.0,0.950438596,1190.0,1039.0,989.0,1021.0
2,7,1,1,3,0.8,22.52,1124.0,6840,100,0.0,0,0,57.0,0.950185965,1124.0,1124.0,1124.0,1124.0
2,7,1,2,2,0.8,3.94,,1200,0,0.0,0,0,10.0,0.912766667,1190.0,1039.0,763.0,964.0
2,7,1,2,7,0.7,3.94,,2160,0,0.0,0,0,18.0,0.892194444,1190.0,1039.0,888.0,705.0
2,7,1,2,10,0.8,3.94,,1200,0,0.0,0,0,10.0,0.8865,1190.0,1039.0,763.0,663.0
2,7,1,1,10,0.8,22.52,1282.0,6720,75,0.0,0,0,56.0,0.850532143,1282.0,1282.0,1282.0,1282.0
2,7,1,1,4,0.8,22.52,1472.0,7020,60,0.0,0,0,58.5,0.85011396,1472.0,1472.0,1472.0,1472.0
2,7,1,2,4,0.8,4.3,,1440,0,0.0,0,0,12.0,0.845069444,1190.0,1039.0,907.0,688.0
2,7,1,1,9,0.75,29.12,1282.0,6960,45,0.0,0,0,58.0,0.750593103,1282.0,1282.0,1282.0,1282.0
2,7,1,1,12,0.75,15.26,1276.0,1440,45,0.0,0,0,35.0,0.750450658,1276.0,1276.0,1276.0,1276.0
2,7,1,2,12,0.75,4.08,,1080,0,0.0,0,0,9.0,0.702666667,1190.0,1039.0,859.0,786.0
2,7,1,1,11,0.7,20.1,1192.0,6120,75,0.0,0,0,54.0,0.700508929,1192.0,1192.0,1192.0,1192.0
2,7,1,1,6,0.65,18.79,881.0,3960,26,0.0,0,0,33.0,0.651007071,881.0,881.0,881.0,881.0
2,7,1,1,8,0.6,24.26,1196.0,6600,0,0.0,0,0,55.0,0.466821212,1196.0,1196.0,1196.0,1196.0
2,7,1,1,7,0.7,24.26,1400.0,6720,0,0.0,0,0,56.0,0.411553571,1400.0,1400.0,1400.0,1400.0
2,7,1,2,6,0.6,2.9,,1200,0,0.0,0,0,10.0,0.314166667,1190.0,1039.0,763.0,583.0
2,1,1,1,1,0.8,22.94,16882.0,7020,113,0.0,0,0,58.5,1.000602279,16882.0,16882.0,16882.0,16882.0
2,1,1,2,9,0.75,3.94,,960,0,0.0,0,0,8.0,0.994270833,1190.0,1039.0,818.0,10020.0
2,1,1,1,2,0.8,22.52,21385.0,7020,88,0.0,0,0,58.5,0.900158405,21385.0,21385.0,21385.0,21385.0
2,1,1,1,3,0.8,22.52,21266.0,6840,70,0.0,0,0,57.0,0.90014152,21266.0,21266.0,21266.0,21266.0
2,1,1,1,10,0.8,22.52,21540.0,6720,88,0.0,0,0,56.0,0.900129762,21540.0,21540.0,21540.0,21540.0
2,1,1,2,10,0.8,3.94,,1200,0,0.0,0,0,10.0,0.85695,1190.0,1039.0,763.0,5414.0
2,1,1,2,4,0.8,4.3,,1440,0,0.0,0,0,12.0,0.809236111,1190.0,1039.0,906.0,7440.0
2,1,1,1,12,0.8,15.26,12261.0,3600,63,0.0,0,0,35.0,0.800401961,12261.0,12261.0,12261.0,12261.0
2,1,1,1,4,0.8,22.52,23122.0,5940,50,0.0,0,0,56.5,0.800393224,23122.0,23122.0,23122.0,23122.0
2,1,1,1,9,0.75,29.12,8992.0,6960,55,0.0,0,0,58.0,0.799963218,8992.0,8992.0,8992.0,8992.0
2,1,1,2,12,0.75,4.08,,1080,0,0.0,0,0,9.0,0.740444444,1190.0,1039.0,859.0,1994.0
2,1,1,1,11,0.7,20.55,9792.0,6480,60,0.0,0,0,54.0,0.700398148,9792.0,9792.0,9792.0,9792.0
2,1,1,1,6,0.7,18.79,2984.0,3960,30,0.0,0,0,33.0,0.700354545,2984.0,2984.0,2984.0,2984.0
2,1,1,2,8,0.65,4.15,,960,0,0.0,0,0,8.0,0.561979167,1190.0,1039.0,818.0,1744.0
2,1,1,2,1,0.75,3.94,,2280,0,0.0,0,0,19.0,0.504596491,1190.0,1039.0,988.0,3098.0
2,1,1,1,5,0.5,30.1,839.0,6960,0,0.0,0,0,58.0,0.500801724,839.0,839.0,839.0,839.0
2,1,1,1,7,0.7,24.26,2698.0,6720,0,0.0,0,0,56.0,0.295307738,2698.0,2698.0,2698.0,2698.0
2,1,1,2,6,0.6,2.9,,1200,0,0.0,0,0,10.0,0.280333333,1190.0,1039.0,763.0,2307.0
2,1,1,1,8,0.65,24.26,1435.0,6600,0,0.0,0,0,55.0,0.260978788,1435.0,1435.0,1435.0,1435.0
2,2,1,2,2,0.8,3.94,,2400,0,0.0,0,0,20.0,1.001416667,1190.0,1039.0,850.0,3377.0
2,2,1,1,1,0.8,22.52,1500.0,6900,113,0.0,0,0,57.5,1.000018551,1500.0,1500.0,1500.0,1500.0
2,2,1,1,10,0.8,22.52,1188.0,6720,90,0.0,0,0,56.0,0.999995238,1188.0,1188.0,1188.0,1188.0
2,2,1,2,1,0.8,3.94,,1200,0,0.0,0,0,10.0,0.99485,1190.0,1039.0,763.0,971.0
2,2,1,2,8,0.7,4.15,,960,0,0.0,0,0,8.0,0.976979167,1190.0,1039.0,818.0,759.0
2,2,1,1,3,0.8,22.52,1112.0,6840,100,0.0,0,0,57.0,0.950185965,1112.0,1112.0,1112.0,1112.0
2,2,1,1,2,0.8,22.52,1452.0,6960,100,0.0,0,0,58.0,0.949981609,1452.0,1452.0,1452.0,1452.0
2,2,1,2,9,0.75,3.94,,1320,0,0.0,0,0,11.0,0.919954545,1190.0,1039.0,767.0,751.0
2,2,1,1,4,0.8,22.52,340.0,5460,63,0.0,0,0,56.5,0.800434622,340.0,340.0,340.0,340.0
2,2,1,1,12,0.8,15.26,1029.0,2040,50,0.0,0,0,35.0,0.800259023,1029.0,1029.0,1029.0,1029.0
2,2,1,2,12,0.8,4.08,,1080,0,0.0,0,0,9.0,0.778222222,1190.0,1039.0,859.0,633.0
2,2,1,1,9,0.75,29.12,1070.0,6960,34,0.0,0,0,58.0,0.750593103,1070.0,1070.0,1070.0,1070.0
2,2,1,1,11,0.7,25.31,946.0,5760,60,0.0,0,0,54.0,0.700513566,946.0,946.0,946.0,946.0
2,2,1,1,6,0.7,18.79,913.0,4020,30,0.0,0,0,33.5,0.700184577,913.0,913.0,913.0,913.0
2,2,1,1,8,0.7,24.26,1363.0,6660,0,0.0,0,0,55.5,0.586465465,1363.0,1363.0,1363.0,1363.0
2,2,1,1,7,0.7,24.26,1639.0,6720,0,0.0,0,0,56.0,0.541517857,1639.0,1639.0,1639.0,1639.0
2,2,1,2,4,0.8,4.3,,1440,0,0.0,0,0,12.0,0.5375,1190.0,1039.0,906.0,565.0
2,2,1,2,6,0.7,2.9,,960,0,0.0,0,0,8.0,0.495416667,1190.0,1039.0,818.0,645.0
2,2,1,1,5,0.6,30.1,415.0,6960,0,0.0,0,0,58.0,0.415172414,415.0,415.0,415.0,415.0
2,3,1,1,2,0.8,22.52,1263.0,6900,100,0.0,0,0,57.5,1.05028058,1263.0,1263.0,1263.0,1263.0
2,3,1,1,3,0.8,22.52,968.0,6840,113,0.0,0,0,57.0,1.000230409,968.0,968.0,968.0,968.0
2,3,1,1,10,0.8,22.52,1108.0,6720,113,0.0,0,0,56.0,0.999995238,1108.0,1108.0,1108.0,1108.0
2,3,1,2,2,0.8,3.94,,2160,0,0.0,0,0,18.0,0.966759259,1190.0,1039.0,888.0,988.0
2,3,1,2,1,0.8,3.94,,1200,0,0.0,0,0,10.0,0.929183333,1190.0,1039.0,762.0,1016.0
2,3,1,2,8,0.7,4.15,,3000,0,0.0,0,0,25.0,0.915766667,1190.0,1039.0,936.0,787.0
2,3,1,1,1,0.8,22.52,1532.0,6900,88,0.0,0,0,57.5,0.900147246,1532.0,1532.0,1532.0,1532.0
2,3,1,1,12,0.8,15.26,1094.0,4080,38,0.0,0,0,34.0,0.800401961,1094.0,1094.0,1094.0,1094.0
2,3,1,1,9,0.8,22.52,1086.0,6960,50,0.0,0,0,58.0,0.799963218,1086.0,1086.0,1086.0,1086.0
2,3,1,2,7,0.7,3.94,,960,0,0.0,0,0,8.0,0.779791667,1190.0,1039.0,818.0,612.0
2,3,1,2,9,0.75,3.94,,960,0,0.0,0,0,8.0,0.755166667,1190.0,1039.0,818.0,591.0
2,3,1,1,6,0.7,18.79,941.0,3360,30,0.0,0,0,33.0,0.700710417,941.0,941.0,941.0,941.0
2,3,1,1,7,0.7,24.26,1471.0,6960,0,0.0,0,0,58.0,0.700612069,1471.0,1471.0,1471.0,1471.0
2,3,1,1,11,0.7,10.05,1042.0,6120,60,0.0,0,0,53.0,0.700278846,1042.0,1042.0,1042.0,1042.0
2,3,1,1,8,0.7,29.12,1248.0,6840,0,0.0,0,0,57.0,0.700135088,1248.0,1248.0,1248.0,1248.0
2,3,1,2,12,0.8,4.08,,1080,0,0.0,0,0,9.0,0.687555556,1190.0,1039.0,859.0,768.0
2,3,1,1,5,0.65,30.1,326.0,5820,0,90.0,10,0,58.5,0.650834808,326.0,326.0,326.0,326.0
2,3,1,2,6,0.7,2.9,,960,0,0.0,0,0,8.0,0.531666667,1190.0,1039.0,818.0,714.0
2,3,1,1,4,0.35,30.1,287.0,6060,23,150.0,15,0,55.5,0.350706422,287.0,287.0,287.0,287.0
2,4,1,1,2,0.8,22.52,1300.0,6780,113,0.0,0,0,56.5,1.000446018,1300.0,1300.0,1300.0,1300.0
2,4,1,1,1,0.8,22.52,1485.0,6900,113,0.0,0,0,57.5,1.000018551,1485.0,1485.0,1485.0,1485.0
2,4,1,1,10,0.8,22.52,1039.0,6720,113,0.0,0,0,56.0,0.999995238,1039.0,1039.0,1039.0,1039.0
2,4,1,2,2,0.8,3.94,,2640,0,0.0,0,0,22.0,0.999924242,1190.0,1039.0,1010.0,956.0
2,4,1,1,3,0.8,22.52,1063.0,6840,100,0.0,0,0,57.0,0.950185965,1063.0,1063.0,1063.0,1063.0
2,4,1,2,6,0.7,2.9,,960,0,0.0,0,0,8.0,0.9425,1190.0,1039.0,818.0,789.0
2,4,1,2,12,0.8,4.08,,1080,0,0.0,0,0,9.0,0.906666667,1190.0,1039.0,859.0,867.0
2,4,1,2,7,0.7,3.94,,1200,0,0.0,0,0,10.0,0.8471,1190.0,1039.0,763.0,697.0
2,4,1,2,1,0.8,3.94,,1440,0,0.0,0,0,12.0,0.845458333,1190.0,1039.0,905.0,673.0
2,4,1,1,12,0.8,15.26,1083.0,720,38,0.0,0,0,34.0,0.800612676,1083.0,1083.0,1083.0,1083.0
2,4,1,1,9,0.8,29.12,1069.0,6960,50,0.0,0,0,58.0,0.799963218,1069.0,1069.0,1069.0,1069.0
2,4,1,2,10,0.8,3.94,,960,0,0.0,0,0,8.0,0.771583333,1190.0,1039.0,818.0,578.0
2,4,1,1,11,0.75,10.05,668.0,2520,34,0.0,0,0,26.0,0.7504,668.0,668.0,668.0,668.0
2,4,1,1,6,0.7,18.79,766.0,2760,30,0.0,0,0,33.0,0.700079032,766.0,766.0,766.0,766.0
2,4,1,1,5,0.7,30.1,557.0,6960,0,0.0,0,0,58.0,0.562212644,557.0,557.0,557.0,557.0
2,4,1,1,7,0.07,24.26,1608.0,6960,0,0.0,0,0,58.0,0.522844828,1608.0,1608.0,1608.0,1608.0
2,4,1,1,4,0.5,30.1,417.0,6360,23,0.0,0,1,53.0,0.500720126,417.0,417.0,417.0,417.0
2,4,1,1,8,0.7,24.26,1167.0,6840,0,0.0,0,0,57.0,0.496549708,1167.0,1167.0,1167.0,1167.0
2,6,1,2,2,0.8,3.94,,3000,0,0.0,0,0,25.0,1.050666667,1190.0,1039.0,935.0,1678.0
2,6,1,1,2,0.8,22.52,1186.0,6900,113,0.0,0,0,58.0,1.000018551,1186.0,1186.0,1186.0,1186.0
2,6,1,1,3,0.8,22.52,1060.0,6840,100,0.0,0,0,57.0,0.950185965,1060.0,1060.0,1060.0,1060.0
2,6,1,1,1,0.8,22.52,1534.0,6780,88,0.0,0,0,57.0,0.900135693,1534.0,1534.0,1534.0,1534.0
2,6,1,1,10,0.8,22.52,1142.0,6720,88,0.0,0,0,56.0,0.900129762,1142.0,1142.0,1142.0,1142.0
2,6,1,2,12,0.8,4.08,,1080,0,0.0,0,0,9.0,0.899111111,1190.0,1039.0,859.0,756.0
2,6,1,2,1,0.8,3.94,,1200,0,0.0,0,0,10.0,0.870083333,1190.0,1039.0,763.0,690.0
2,6,1,2,6,0.75,2.9,,960,0,0.0,0,0,8.0,0.845833333,1190.0,1039.0,818.0,690.0
2,6,1,1,12,0.8,15.26,1021.0,4080,63,0.0,0,0,34.0,0.800401961,1021.0,1021.0,1021.0,1021.0
2,6,1,1,9,0.8,29.12,829.0,6960,50,0.0,0,0,58.0,0.799963218,829.0,829.0,829.0,829.0
2,6,1,2,9,0.8,3.94,,960,0,0.0,0,0,8.0,0.771583333,1190.0,1039.0,818.0,588.0
2,6,1,1,6,0.75,18.79,813.0,1560,34,0.0,0,0,33.0,0.750520115,813.0,813.0,813.0,813.0
2,6,1,1,11,0.75,10.05,677.0,3240,45,0.0,0,0,27.0,0.750027778,677.0,677.0,677.0,677.0
2,6,1,2,7,0.7,3.94,,1200,0,0.0,0,0,10.0,0.715766667,1190.0,1039.0,763.0,713.0
2,6,1,1,7,0.7,24.26,658.0,6960,0,270.0,45,0,58.0,0.662270115,658.0,658.0,658.0,658.0
2,6,1,1,4,0.6,30.1,486.0,6780,30,0.0,0,1,57.0,0.600224189,486.0,486.0,486.0,486.0
2,6,1,1,5,0.7,30.1,687.0,7500,0,0.0,0,0,59.0,0.545657673,687.0,687.0,687.0,687.0
2,6,1,2,4,0.8,4.3,,960,0,0.0,0,0,8.0,0.447916667,1190.0,1039.0,818.0,604.0
2,6,1,1,8,0.7,24.26,652.0,6840,0,300.0,37,0,57.0,0.365318713,652.0,652.0,652.0,652.0
2,7,2,1,2,0.8,22.52,1233.0,6900,113,0.0,0,0,57.5,1.000018551,1233.0,1233.0,1233.0,1233.0
2,7,2,2,7,0.7,4.15,,1440,0,0.0,0,0,12.0,0.928680556,1190.0,1039.0,907.0,820.0
2,7,2,1,10,0.8,22.52,1388.0,6720,88,0.0,0,0,56.0,0.9008,1388.0,1388.0,1388.0,1388.0
2,7,2,1,1,0.8,22.52,1615.0,6780,88,0.0,0,0,56.5,0.900135693,1615.0,1615.0,1615.0,1615.0
2,7,2,1,3,0.8,22.52,1283.0,6720,88,0.0,0,0,56.0,0.900129762,1283.0,1283.0,1283.0,1283.0
2,7,2,2,1,0.8,3.94,,1200,0,0.0,0,0,10.0,0.893066667,1190.0,1039.0,763.0,723.0
2,7,2,2,12,0.8,4.08,,1080,0,0.0,0,0,9.0,0.891555556,1190.0,1039.0,859.0,740.0
2,7,2,2,2,0.8,3.94,,2160,0,0.0,0,0,18.0,0.875555556,1190.0,1039.0,888.0,666.0
2,7,2,2,8,0.7,4.15,,1800,0,0.0,0,0,15.0,0.840888889,1190.0,1039.0,708.0,691.0
2,7,2,1,12,0.8,15.26,1026.0,2880,63,0.0,0,0,34.0,0.800355208,1026.0,1026.0,1026.0,1026.0
2,7,2,1,9,0.8,29.12,909.0,6960,50,0.0,0,0,58.0,0.799963218,909.0,909.0,909.0,909.0
2,7,2,1,6,0.75,18.79,670.0,3960,34,0.0,0,0,33.0,0.75065101,670.0,670.0,670.0,670.0
2,7,2,1,11,0.75,10.05,629.0,3240,45,0.0,0,0,27.0,0.750027778,629.0,629.0,629.0,629.0
2,7,2,1,5,0.7,30.1,754.0,7020,0,0.0,0,0,58.5,0.700618234,754.0,754.0,754.0,754.0
2,7,2,2,6,0.75,2.9,,960,0,0.0,0,0,8.0,0.610208333,1190.0,1039.0,818.0,695.0
2,7,2,2,9,0.8,3.94,,960,0,0.0,0,0,8.0,0.607416667,1190.0,1039.0,818.0,640.0
2,7,2,1,4,0.65,30.1,712.0,6780,44,0.0,0,1,56.5,0.568259587,712.0,712.0,712.0,712.0
2,7,2,1,7,0.7,24.26,148.0,6960,0,0.0,0,0,58.0,0.355534483,148.0,148.0,148.0,148.0
2,7,2,1,8,0.7,24.26,154.0,6840,0,0.0,0,0,57.0,0.353259649,154.0,154.0,154.0,154.0
2,1,2,2,2,0.8,3.94,,2160,0,0.0,0,0,18.0,1.057962963,1190.0,1039.0,888.0,3410.0
2,1,2,2,1,0.8,3.94,,1200,0,0.0,0,0,10.0,0.962016667,1190.0,1039.0,762.0,1330.0
2,1,2,1,10,0.8,22.52,1127.0,120,88,0.0,0,0,56.0,0.9008,1127.0,1127.0,1127.0,1127.0
2,1,2,1,1,0.8,22.52,1506.0,3600,70,0.0,0,0,57.0,0.900509044,1506.0,1506.0,1506.0,1506.0
2,1,2,1,2,0.8,22.52,1413.0,360,70,0.0,0,0,57.0,0.900477825,1413.0,1413.0,1413.0,1413.0
2,1,2,2,6,0.75,2.9,,960,0,0.0,0,0,8.0,0.888125,1190.0,1039.0,818.0,1724.0
2,1,2,1,12,0.8,15.26,970.0,4080,63,0.0,0,0,34.0,0.800401961,970.0,970.0,970.0,970.0
2,1,2,1,3,0.8,22.52,1271.0,5400,50,0.0,0,0,57.0,0.800161172,1271.0,1271.0,1271.0,1271.0
2,1,2,1,9,0.8,29.12,1073.0,6960,50,0.0,0,0,58.0,0.799963218,1073.0,1073.0,1073.0,1073.0
2,1,2,1,4,0.7,30.1,767.0,3300,50,0.0,0,1,57.0,0.790003236,767.0,767.0,767.0,767.0
2,1,2,1,11,0.75,10.05,103.0,0,45,0.0,0,0,54.0,0.750648148,103.0,103.0,103.0,103.0
2,1,2,2,8,0.35,4.15,,1800,0,0.0,0,0,15.0,0.707111111,1190.0,1039.0,708.0,801.0
2,1,2,1,5,0.7,30.1,773.0,7020,40,0.0,0,0,58.0,0.700618234,773.0,773.0,773.0,773.0
2,1,2,2,9,0.8,3.94,,960,0,0.0,0,0,8.0,0.697708333,1190.0,1039.0,818.0,701.0
2,1,2,1,6,0.75,18.79,708.0,4080,0,0.0,0,0,34.0,0.612517157,708.0,708.0,708.0,708.0
2,1,2,1,7,0.35,30.1,842.0,6960,0,0.0,0,1,58.0,0.350301724,842.0,842.0,842.0,842.0
2,1,2,1,8,0.35,30.1,901.0,6960,0,0.0,0,1,58.0,0.350301724,901.0,901.0,901.0,901.0
2,1,2,2,12,0.8,4.08,,1080,0,0.0,0,0,9.0,0.272,1190.0,1039.0,859.0,1196.0
2,2,2,2,12,0.8,4.08,,1080,0,0.0,0,0,9.0,1.004888889,1190.0,1039.0,859.0,3296.0
2,2,2,2,2,0.8,3.94,,2160,0,0.0,0,0,18.0,0.966759259,1190.0,1039.0,888.0,931.0
2,2,2,1,10,0.8,22.52,1268.0,0,88,0.0,0,0,56.0,0.90063244,1268.0,1268.0,1268.0,1268.0
2,2,2,1,1,0.8,22.52,1546.0,0,88,0.0,0,0,57.0,0.90047076,1546.0,1546.0,1546.0,1546.0
2,2,2,1,3,0.8,22.52,813.0,0,88,0.0,0,0,57.0,0.90047076,813.0,813.0,813.0,813.0
2,2,2,1,2,0.8,22.52,1512.0,0,88,0.0,0,0,57.0,0.899984058,1512.0,1512.0,1512.0,1512.0
2,2,2,2,1,0.8,3.94,,1440,0,0.0,0,0,12.0,0.853666667,1190.0,1039.0,905.0,641.0
2,2,2,1,9,0.8,29.12,1263.0,2160,38,0.0,0,0,58.0,0.8008,1263.0,1263.0,1263.0,1263.0
2,2,2,1,12,0.8,15.26,900.0,4080,50,0.0,0,0,34.0,0.800401961,900.0,900.0,900.0,900.0
2,2,2,2,4,0.7,4.15,,1800,0,0.0,0,0,15.0,0.796755556,1190.0,1039.0,707.0,543.0
2,2,2,1,6,0.75,18.79,640.0,2400,0,0.0,0,0,34.0,0.750797009,640.0,640.0,640.0,640.0
2,2,2,1,11,0.8,10.05,13.0,3240,34,0.0,0,0,54.0,0.750648148,13.0,13.0,13.0,13.0
2,2,2,1,5,0.75,30.1,855.0,7020,45,0.0,0,0,58.0,0.750356125,855.0,855.0,855.0,855.0
2,2,2,2,8,0.35,4.15,,960,0,0.0,0,0,8.0,0.703770833,1190.0,1039.0,818.0,592.0
2,2,2,1,4,0.7,30.1,855.0,7020,40,0.0,0,1,58.0,0.700618234,855.0,855.0,855.0,855.0
2,2,2,2,9,0.8,3.94,,960,0,0.0,0,0,8.0,0.6895,1190.0,1039.0,818.0,550.0
2,2,2,2,6,0.75,2.9,,960,0,0.0,0,0,8.0,0.628333333,1190.0,1039.0,818.0,609.0
2,2,2,1,7,0.5,30.1,1025.0,6960,23,0.0,0,1,58.0,0.500801724,1025.0,1025.0,1025.0,1025.0
2,2,2,1,8,0.5,30.1,1061.0,6960,30,0.0,0,1,58.0,0.393548851,1061.0,1061.0,1061.0,1061.0
2,3,2,2,4,0.7,4.15,,1800,0,0.0,0,0,15.0,1.033155556,1190.0,1039.0,707.0,1545.0
2,3,2,2,12,0.8,4.08,,1080,0,0.0,0,0,9.0,1.02,1190.0,1039.0,859.0,2069.0
2,3,2,1,2,0.8,22.52,1557.0,0,90,0.0,0,0,57.5,1.000344928,1557.0,1557.0,1557.0,1557.0
2,3,2,1,1,0.8,22.52,1498.0,0,113,0.0,0,0,57.0,1.000065789,1498.0,1498.0,1498.0,1498.0
2,3,2,2,8,0.35,4.15,,1440,0,0.0,0,0,12.0,0.994375,1190.0,1039.0,907.0,802.0
2,3,2,2,2,0.8,3.94,,2160,0,0.0,0,0,18.0,0.912037037,1190.0,1039.0,888.0,977.0
2,3,2,2,5,0.7,4.15,,240,0,0.0,0,0,2.0,0.87,1190.0,1039.0,941.0,666.0
2,3,2,1,10,0.8,22.52,598.0,0,75,0.0,0,0,56.0,0.850364583,598.0,598.0,598.0,598.0
2,3,2,1,6,0.8,18.79,656.0,3480,38,0.0,0,0,34.0,0.800947475,656.0,656.0,656.0,656.0
2,3,2,1,12,0.8,15.26,854.0,4080,50,0.0,0,0,34.0,0.800401961,854.0,854.0,854.0,854.0
2,3,2,1,9,0.8,29.12,609.0,3240,50,0.0,0,0,58.0,0.800144144,609.0,609.0,609.0,609.0
2,3,2,1,5,0.75,30.1,788.0,7380,56,0.0,0,0,59.5,0.750406233,788.0,788.0,788.0,788.0
2,3,2,1,8,0.6,30.1,1069.0,4560,30,0.0,0,1,58.0,0.714410494,1069.0,1069.0,1069.0,1069.0
2,3,2,1,4,0.7,30.1,667.0,5940,40,0.0,0,1,59.5,0.700588406,667.0,667.0,667.0,667.0
2,3,2,2,1,0.8,3.94,,1440,0,0.0,0,0,12.0,0.618361111,1190.0,1039.0,905.0,652.0
2,3,2,1,7,0.6,30.1,829.0,3360,23,0.0,0,1,58.0,0.600070513,829.0,829.0,829.0,829.0
2,3,2,2,9,0.8,3.94,,960,0,0.0,0,0,8.0,0.54175,1190.0,1039.0,818.0,600.0
2,3,2,1,3,0.8,22.52,11.0,6840,0,0.0,0,1,57.0,0.536901754,11.0,11.0,11.0,11.0
2,3,2,1,11,0.35,11.41,434.0,3240,0,0.0,0,1,52.0,0.507903226,434.0,434.0,434.0,434.0
2,4,2,1,1,0.8,22.52,1397.0,0,138,0.0,0,0,57.0,1.100483918,1397.0,1397.0,1397.0,1397.0
2,4,2,2,4,0.7,4.15,,1800,0,0.0,0,0,15.0,1.096633333,1190.0,1039.0,707.0,1552.0
2,4,2,1,2,0.8,22.52,1327.0,0,113,0.0,0,0,57.5,1.000344928,1327.0,1327.0,1327.0,1327.0
2,4,2,2,12,0.8,4.08,,1080,0,0.0,0,0,9.0,0.838666667,1190.0,1039.0,859.0,746.0
2,4,2,1,12,0.8,15.26,894.0,4080,50,0.0,0,0,34.0,0.800401961,894.0,894.0,894.0,894.0
2,4,2,2,8,0.35,4.15,,1440,0,0.0,0,0,12.0,0.755486111,1190.0,1039.0,907.0,624.0
2,4,2,1,5,0.75,30.1,610.0,7080,56,0.0,0,0,59.0,0.750799435,610.0,610.0,610.0,610.0
2,4,2,1,6,0.8,18.79,779.0,3960,0,0.0,0,0,33.0,0.688017677,779.0,779.0,779.0,779.0
2,4,2,2,1,0.8,3.94,,1440,0,0.0,0,0,12.0,0.664875,1190.0,1039.0,905.0,656.0
2,4,2,2,9,0.8,3.94,,960,0,0.0,0,0,8.0,0.656666667,1190.0,1039.0,818.0,640.0
2,4,2,1,4,0.7,30.1,419.0,7080,0,0.0,0,1,59.0,0.637711864,419.0,419.0,419.0,419.0
2,4,2,2,2,0.8,3.94,,2160,0,0.0,0,0,18.0,0.601944444,1190.0,1039.0,888.0,620.0
2,4,2,2,5,0.7,4.15,,240,0,0.0,0,0,2.0,0.58,1190.0,1039.0,941.0,695.0
2,4,2,1,7,0.65,30.1,909.0,7080,0,0.0,0,1,59.0,0.535677966,909.0,909.0,909.0,909.0
2,4,2,1,11,0.5,11.41,1039.0,2280,0,0.0,0,2,55.0,0.50012336,1039.0,1039.0,1039.0,1039.0
2,4,2,1,9,0.8,29.12,14.0,6960,0,0.0,0,0,58.0,0.497885057,14.0,14.0,14.0,14.0
2,4,2,1,8,0.65,30.1,1193.0,7080,0,0.0,0,1,59.0,0.463403955,1193.0,1193.0,1193.0,1193.0
2,4,2,1,10,0.8,22.52,10.0,6000,0,0.0,0,0,50.0,0.441392,10.0,10.0,10.0,10.0
2,4,2,1,3,0.35,30.1,770.0,6960,0,0.0,0,1,58.0,0.350301724,770.0,770.0,770.0,770.0
2,6,2,1,1,0.8,22.52,1416.0,6840,113,0.0,0,0,57.0,1.000230409,1416.0,1416.0,1416.0,1416.0
2,6,2,2,7,0.7,4.15,,1800,0,0.0,0,0,15.0,0.929277778,1190.0,1039.0,707.0,807.0
2,6,2,2,4,0.75,4.15,,2400,0,0.0,0,0,20.0,0.902916667,1190.0,1039.0,850.0,793.0
2,6,2,2,12,0.8,4.08,,1080,0,0.0,0,0,9.0,0.800888889,1190.0,1039.0,859.0,750.0
2,6,2,1,12,0.8,15.26,942.0,4080,63,0.0,0,0,34.0,0.800401961,942.0,942.0,942.0,942.0
2,6,2,1,2,0.8,22.52,674.0,3660,63,0.0,0,0,57.0,0.80037492,674.0,674.0,674.0,674.0
2,6,2,2,1,0.8,3.94,,1440,0,0.0,0,0,12.0,0.796208333,1190.0,1039.0,905.0,604.0
2,6,2,1,4,0.75,30.1,481.0,7140,0,0.0,0,1,59.0,0.750392157,481.0,481.0,481.0,481.0
2,6,2,1,5,0.75,30.1,664.0,7140,56,0.0,0,0,59.0,0.750392157,664.0,664.0,664.0,664.0
2,6,2,2,8,0.7,4.15,,960,0,0.0,0,0,8.0,0.725625,1190.0,1039.0,818.0,704.0
2,6,2,1,8,0.7,30.1,824.0,5160,0,0.0,0,1,60.0,0.700206125,824.0,824.0,824.0,824.0
2,6,2,1,7,0.7,30.1,957.0,7200,0,0.0,0,1,60.0,0.602,957.0,957.0,957.0,957.0
2,6,2,1,11,0.6,11.41,1039.0,2280,23,0.0,0,2,55.0,0.600447507,1039.0,1039.0,1039.0,1039.0
2,6,2,1,6,0.8,18.79,822.0,4080,0,0.0,0,0,34.0,0.557252451,822.0,822.0,822.0,822.0
2,6,2,1,3,0.5,30.1,1261.0,6960,30,0.0,0,1,58.0,0.500801724,1261.0,1261.0,1261.0,1261.0
2,6,2,2,6,0.8,2.9,,960,0,0.0,0,0,8.0,0.483333333,1190.0,1039.0,818.0,666.0
2,6,2,2,9,0.8,3.94,,960,0,0.0,0,0,8.0,0.238041667,1190.0,1039.0,818.0,556.0
2,7,3,2,1,0.8,3.94,,960,0,0.0,0,0,8.0,1.1204375,1190.0,1039.0,818.0,2047.0
2,7,3,2,2,0.8,3.94,,960,0,0.0,0,0,8.0,1.108125,1190.0,1039.0,818.0,1708.0
2,7,3,1,1,0.8,22.52,1420.0,6840,113,0.0,0,0,57.0,1.000230409,1420.0,1420.0,1420.0,1420.0
2,7,3,2,12,0.8,4.08,,1080,0,0.0,0,0,9.0,0.876444444,1190.0,1039.0,859.0,853.0
2,7,3,1,12,0.8,15.26,1120.0,1440,50,0.0,0,0,34.0,0.800806306,1120.0,1120.0,1120.0,1120.0
2,7,3,2,5,0.75,4.15,,240,0,0.0,0,0,2.0,0.760833333,1190.0,1039.0,940.0,697.0
2,7,3,1,5,0.8,30.1,679.0,7140,0,0.0,0,0,59.5,0.722568627,679.0,679.0,679.0,679.0
2,7,3,2,11,0.6,2.9,,1200,0,0.0,0,0,10.0,0.715333333,1190.0,1039.0,763.0,816.0
2,7,3,1,7,0.7,30.1,881.0,7080,0,0.0,0,1,59.0,0.700632768,881.0,881.0,881.0,881.0
2,7,3,1,8,0.7,30.1,507.0,5880,40,2.0,10,1,59.0,0.700573099,507.0,507.0,507.0,507.0
2,7,3,1,6,0.75,18.79,814.0,4080,0,0.0,0,0,34.0,0.681598039,814.0,814.0,814.0,814.0
2,7,3,1,11,0.65,11.41,700.0,2640,23,0.0,0,2,53.0,0.650223718,700.0,700.0,700.0,700.0
2,7,3,2,8,0.7,4.15,,960,0,0.0,0,0,8.0,0.605208333,1190.0,1039.0,818.0,856.0
2,7,3,2,6,0.8,2.9,,960,0,0.0,0,0,8.0,0.604166667,1190.0,1039.0,818.0,735.0
2,7,3,1,4,0.75,30.1,919.0,7140,0,0.0,0,1,59.5,0.598627451,919.0,919.0,919.0,919.0
2,7,3,1,3,0.6,30.1,1361.0,6960,30,0.0,0,1,58.0,0.475718391,1361.0,1361.0,1361.0,1361.0
2,7,3,1,2,0.8,22.52,12.0,6900,0,0.0,0,0,57.5,0.432122899,12.0,12.0,12.0,12.0
2,7,3,2,4,0.75,4.15,,2400,0,0.0,0,0,20.0,0.287041667,1190.0,1039.0,850.0,727.0
2,7,3,1,9,0.5,18.79,1688.0,5280,0,0.0,0,1,54.0,0.283054487,1688.0,1688.0,1688.0,1688.0
2,1,3,1,1,0.8,22.52,1422.0,6840,113,0.0,0,0,57.0,1.000230409,1422.0,1422.0,1422.0,1422.0
2,1,3,2,9,0.8,3.94,,1200,0,0.0,0,0,10.0,0.960433333,1190.0,1039.0,763.0,1367.0
2,1,3,2,12,0.8,4.08,,1080,0,0.0,0,0,9.0,0.891555556,1190.0,1039.0,859.0,2476.0
2,1,3,2,3,0.5,4.15,,960,0,0.0,0,0,8.0,0.864583333,1190.0,1039.0,818.0,1530.0
2,1,3,1,3,0.65,30.1,1263.0,600,63,0.0,0,1,58.0,0.802243319,1263.0,1263.0,1263.0,1263.0
2,1,3,1,5,0.8,30.1,461.0,0,0,0.0,0,0,59.0,0.800980392,461.0,461.0,461.0,461.0
2,1,3,1,12,0.8,15.26,1079.0,3720,38,0.0,0,0,34.0,0.800312375,1079.0,1079.0,1079.0,1079.0
2,1,3,2,6,0.8,2.9,,960,0,0.0,0,0,8.0,0.773333333,1190.0,1039.0,818.0,780.0
2,1,3,1,6,0.75,18.79,895.0,3960,0,0.0,0,0,33.0,0.75065101,895.0,895.0,895.0,895.0
2,1,3,1,4,0.75,30.1,912.0,7020,0,0.0,0,1,58.0,0.750356125,912.0,912.0,912.0,912.0
2,1,3,2,4,0.75,4.15,,1800,0,0.0,0,0,15.0,0.722333333,1190.0,1039.0,707.0,793.0
2,1,3,1,7,0.7,30.1,784.0,600,30,0.0,0,1,59.0,0.700459889,784.0,784.0,784.0,784.0
2,1,3,2,5,0.75,4.15,,1200,0,0.0,0,0,10.0,0.629416667,1190.0,1039.0,762.0,850.0
2,1,3,1,8,0.7,30.1,7.0,7080,27,2.0,10,2,59.0,0.621971751,7.0,7.0,7.0,7.0
2,1,3,1,11,0.7,11.41,680.0,2160,30,0.0,0,2,54.0,0.565972222,680.0,680.0,680.0,680.0
2,1,3,1,10,0.6,18.22,1131.0,5280,0,0.0,0,1,44.0,0.35542803,1131.0,1131.0,1131.0,1131.0
2,1,3,1,9,0.6,18.79,2103.0,5400,0,0.0,0,1,54.0,0.329964879,2103.0,2103.0,2103.0,2103.0
2,1,3,2,7,0.7,4.15,,1800,0,0.0,0,0,15.0,0.258,1190.0,1039.0,707.0,1296.0
2,2,3,1,1,0.8,22.52,1445.0,6840,113,0.0,0,0,57.0,1.000230409,1445.0,1445.0,1445.0,1445.0
2,2,3,2,10,0.8,3.94,,960,0,0.0,0,0,8.0,0.927541667,1190.0,1039.0,818.0,847.0
2,2,3,2,7,0.7,5.13,,1200,0,0.0,0,0,10.0,0.91375,1190.0,1039.0,762.0,829.0
2,2,3,2,12,0.8,5.13,,1080,0,0.0,0,0,9.0,0.9025,1190.0,1039.0,859.0,926.0
2,2,3,1,12,0.8,15.26,1133.0,4080,38,0.0,0,0,34.0,0.800401961,1133.0,1133.0,1133.0,1133.0
2,2,3,2,3,0.5,5.13,,1800,0,0.0,0,0,15.0,0.7866,1190.0,1039.0,706.0,655.0
2,2,3,1,6,0.75,18.79,726.0,3360,0,0.0,0,0,33.0,0.750621354,726.0,726.0,726.0,726.0
2,2,3,1,4,0.75,30.1,849.0,7020,45,0.0,0,1,58.0,0.750356125,849.0,849.0,849.0,849.0
2,2,3,2,6,0.8,2.9,,960,0,0.0,0,0,8.0,0.749166667,1190.0,1039.0,818.0,670.0
2,2,3,1,7,0.7,30.1,562.0,840,30,0.0,0,1,59.0,0.700888203,562.0,562.0,562.0,562.0
2,2,3,1,11,0.7,11.41,1054.0,3420,30,0.0,0,2,56.0,0.700614035,1054.0,1054.0,1054.0,1054.0
2,2,3,1,3,0.7,30.1,1422.0,6960,50,0.0,0,1,58.0,0.700603448,1422.0,1422.0,1422.0,1422.0
2,2,3,2,4,0.75,5.13,,960,0,0.0,0,0,8.0,0.656666667,1190.0,1039.0,818.0,689.0
2,2,3,1,5,0.8,30.1,680.0,7140,0,0.0,0,0,59.0,0.653431373,680.0,680.0,680.0,680.0
2,2,3,1,9,0.65,18.79,2120.0,5520,0,0.0,0,1,51.0,0.650134,2120.0,2120.0,2120.0,2120.0
2,2,3,1,8,0.6,29.4,179.0,0,23,5.0,30,2,58.0,0.600982906,179.0,179.0,179.0,179.0
2,2,3,2,9,0.8,3.94,,960,0,0.0,0,0,8.0,0.586041667,1190.0,1039.0,818.0,768.0
2,2,3,2,2,0.8,5.13,,1800,0,0.0,0,0,15.0,0.5814,1190.0,1039.0,706.0,669.0
2,2,3,1,2,0.5,30.33,838.0,6720,0,0.0,0,1,56.0,0.361071429,838.0,838.0,838.0,838.0
2,2,3,1,10,0.65,18.22,741.0,0,0,8.0,35,1,49.0,0.302117347,741.0,741.0,741.0,741.0
2,3,3,2,12,0.8,5.13,,1200,0,0.0,0,0,10.0,0.9918,1190.0,1039.0,762.0,954.0
2,3,3,2,6,0.8,2.9,,1440,0,0.0,0,0,12.0,0.936861111,1190.0,1039.0,906.0,844.0
2,3,3,2,2,0.8,5.13,,1440,0,0.0,0,0,12.0,0.919125,1190.0,1039.0,906.0,1005.0
2,3,3,1,11,0.7,11.41,685.0,3360,30,0.0,0,2,56.0,0.8211125,685.0,685.0,685.0,685.0
2,3,3,1,4,0.8,30.1,864.0,480,50,0.0,0,1,58.0,0.800980392,864.0,864.0,864.0,864.0
2,3,3,1,5,0.8,30.1,511.0,0,0,0.0,0,0,59.0,0.800980392,511.0,511.0,511.0,511.0
2,3,3,1,12,0.8,15.26,1095.0,4080,63,0.0,0,0,34.0,0.800401961,1095.0,1095.0,1095.0,1095.0
2,3,3,1,1,0.8,22.52,1374.0,3960,63,0.0,0,0,57.0,0.800279693,1374.0,1374.0,1374.0,1374.0
2,3,3,1,6,0.75,18.79,759.0,3960,34,0.0,0,0,33.0,0.75065101,759.0,759.0,759.0,759.0
2,3,3,1,7,0.75,30.1,553.0,2280,45,0.0,0,1,59.0,0.75053268,553.0,553.0,553.0,553.0
2,3,3,2,4,0.75,5.13,,960,0,0.0,0,0,8.0,0.734645833,1190.0,1039.0,818.0,711.0
2,3,3,1,3,0.7,30.1,1057.0,0,40,0.0,0,1,58.0,0.700603448,1057.0,1057.0,1057.0,1057.0
2,3,3,1,9,0.7,18.79,1587.0,4560,30,0.0,0,1,51.0,0.70009573,1587.0,1587.0,1587.0,1587.0
2,3,3,2,7,0.7,5.13,,960,0,0.0,0,0,8.0,0.671875,1190.0,1039.0,818.0,763.0
2,3,3,2,10,0.8,3.94,,960,0,0.0,0,0,8.0,0.64025,1190.0,1039.0,818.0,761.0
2,3,3,2,8,0.7,5.13,,960,0,0.0,0,0,8.0,0.58,1190.0,1039.0,818.0,816.0
2,3,3,2,9,0.8,3.94,,960,0,0.0,0,0,8.0,0.549791667,1190.0,1039.0,818.0,776.0
2,3,3,1,2,0.6,30.33,868.0,6840,0,0.0,0,1,57.0,0.328131579,868.0,868.0,868.0,868.0
2,3,3,1,10,0.7,19.68,1119.0,5640,0,8.0,35,1,47.0,0.303574468,1119.0,1119.0,1119.0,1119.0
2,3,3,2,3,0.5,5.13,,960,0,0.0,0,0,8.0,0.2565,1190.0,1039.0,818.0,766.0
2,3,3,1,8,0.65,29.4,962.0,4560,0,4.5,30,2,57.0,0.251399254,962.0,962.0,962.0,962.0
2,4,3,2,3,0.5,5.13,,2880,0,0.0,0,0,12.0,0.81640625,1190.0,1039.0,920.0,732.0
2,4,3,1,12,0.8,15.26,1126.0,1080,38,0.0,0,0,34.0,0.800711494,1126.0,1126.0,1126.0,1126.0
2,4,3,1,1,0.8,22.52,265.0,3840,63,0.0,0,0,57.0,0.800470513,265.0,265.0,265.0,265.0
2,4,3,1,4,0.8,30.1,859.0,7020,63,0.0,0,1,58.5,0.800094017,859.0,859.0,859.0,859.0
2,4,3,1,5,0.8,30.1,276.0,600,63,3.5,15,0,59.5,0.799982853,276.0,276.0,276.0,276.0
2,4,3,2,6,0.8,2.9,,4320,0,0.0,0,0,18.0,0.785864198,1190.0,1039.0,1063.0,791.0
2,4,3,1,6,0.75,18.79,899.0,3960,56,0.0,0,0,33.0,0.75065101,899.0,899.0,899.0,899.0
2,4,3,2,10,0.8,3.94,,2400,0,0.0,0,0,10.0,0.733277778,1190.0,1039.0,862.0,741.0
2,4,3,2,2,0.8,5.13,,3600,0,0.0,0,0,15.0,0.710125,1190.0,1039.0,1662.0,728.0
2,4,3,1,3,0.7,30.1,247.0,6960,50,0.0,0,1,58.0,0.700603448,247.0,247.0,247.0,247.0
2,4,3,1,11,0.7,11.41,653.0,3480,30,0.0,0,2,58.0,0.700540441,653.0,653.0,653.0,653.0
2,4,3,1,8,0.7,29.4,1116.0,6240,0,0.0,0,2,57.0,0.7,1116.0,1116.0,1116.0,1116.0
2,4,3,2,4,0.75,5.13,,1920,0,0.0,0,0,8.0,0.684027778,1190.0,1039.0,849.0,726.0
2,4,3,2,8,0.7,5.13,,1920,0,0.0,0,0,8.0,0.672135417,1190.0,1039.0,849.0,812.0
2,4,3,1,9,0.7,18.79,1603.0,6120,30,0.0,0,1,51.0,0.638614379,1603.0,1603.0,1603.0,1603.0
2,4,3,2,5,0.75,5.13,,1920,0,0.0,0,0,8.0,0.631354167,1190.0,1039.0,849.0,740.0
2,4,3,1,7,0.75,30.1,444.0,0,0,5.0,20,1,59.0,0.611140537,444.0,444.0,444.0,444.0
2,4,3,2,12,0.8,5.13,,2160,0,0.0,0,0,9.0,0.609583333,1190.0,1039.0,892.0,888.0
2,4,3,1,2,0.65,30.33,841.0,6840,0,0.0,0,1,57.0,0.585315789,841.0,841.0,841.0,841.0
2,4,3,1,10,0.7,19.68,1410.0,5760,0,0.0,0,1,48.0,0.249416667,1410.0,1410.0,1410.0,1410.0
2,7,4,2,3,0.5,5.13,,1800,0,0.0,0,0,15.0,0.8721,1190.0,1039.0,706.0,769.0
2,7,4,2,6,0.8,2.9,,960,0,0.0,0,0,8.0,0.8319375,1190.0,1039.0,818.0,753.0
2,7,4,2,2,0.8,5.13,,4800,0,0.0,0,0,20.0,0.8300625,1190.0,1039.0,972.0,847.0
2,7,4,2,11,0.6,2.9,,2880,0,0.0,0,0,12.0,0.805555556,1190.0,1039.0,920.0,829.0
2,7,4,1,12,0.8,15.26,1103.0,4080,63,0.0,0,0,34.0,0.800401961,1103.0,1103.0,1103.0,1103.0
2,7,4,1,4,0.8,30.1,922.0,5820,63,0.0,0,1,59.0,0.80000295,922.0,922.0,922.0,922.0
2,7,4,2,12,0.8,5.13,,2400,0,0.0,0,0,10.0,0.78375,1190.0,1039.0,863.0,827.0
2,7,4,2,9,0.8,3.94,,2400,0,0.0,0,0,10.0,0.753525,1190.0,1039.0,863.0,732.0
2,7,4,1,6,0.75,18.79,1055.0,3960,45,0.0,0,0,33.0,0.75065101,1055.0,1055.0,1055.0,1055.0
2,7,4,2,1,0.8,3.94,,2880,0,0.0,0,0,12.0,0.727349537,1190.0,1039.0,920.0,711.0
2,7,4,1,8,0.7,29.4,1146.0,6840,40,0.0,0,2,57.0,0.700614035,1146.0,1146.0,1146.0,1146.0
2,7,4,1,2,0.7,30.33,746.0,6840,0,0.0,0,1,57.0,0.700605263,746.0,746.0,746.0,746.0
2,7,4,1,11,0.75,11.41,834.0,3480,0,0.0,0,2,58.0,0.672140805,834.0,834.0,834.0,834.0
2,7,4,1,9,0.7,18.79,1717.0,3240,30,0.0,0,1,57.0,0.627011183,1717.0,1717.0,1717.0,1717.0
2,7,4,1,3,0.7,30.1,1041.0,8160,33,0.0,0,2,58.0,0.626577778,1041.0,1041.0,1041.0,1041.0
2,7,4,1,10,0.7,21.25,1531.0,6000,0,0.0,0,1,50.0,0.456875,1531.0,1531.0,1531.0,1531.0
2,7,4,1,7,0.75,30.1,627.0,6960,0,3.5,20,1,58.0,0.393548851,627.0,627.0,627.0,627.0
2,7,4,2,10,0.8,3.94,,960,0,0.0,0,0,8.0,0.385791667,1190.0,1039.0,818.0,794.0
2,7,4,1,5,0.8,30.1,450.0,5700,0,4.5,25,0,60.0,0.307501459,450.0,450.0,450.0,450.0
2,7,4,2,7,0.7,5.13,,960,0,0.0,0,0,8.0,0.283958333,1190.0,1039.0,818.0,838.0
2,1,4,2,10,0.8,3.94,,2400,0,0.0,0,0,20.0,0.955791667,1190.0,1039.0,850.0,1364.0
2,1,4,2,8,0.7,5.13,,960,0,0.0,0,0,8.0,0.930416667,1190.0,1039.0,818.0,1385.0
2,1,4,2,12,0.8,5.13,,1080,0,0.0,0,0,9.0,0.9025,1190.0,1039.0,859.0,1378.0
2,1,4,2,3,0.8,5.13,,2160,0,0.0,0,0,18.0,0.87115,1190.0,1039.0,888.0,1490.0
2,1,4,1,12,0.8,15.26,1060.0,4080,63,0.0,0,0,34.0,0.800401961,1060.0,1060.0,1060.0,1060.0
2,1,4,1,4,0.8,30.1,891.0,7140,38,0.0,0,1,59.0,0.800137255,891.0,891.0,891.0,891.0
2,1,4,1,5,0.8,30.1,541.0,7140,38,0.0,0,0,59.0,0.800137255,541.0,541.0,541.0,541.0
2,1,4,1,7,0.75,30.1,709.0,6960,45,0.0,0,1,58.0,0.750770115,709.0,709.0,709.0,709.0
2,1,4,1,6,0.75,18.79,1100.0,3960,45,0.0,0,0,33.0,0.75065101,1100.0,1100.0,1100.0,1100.0
2,1,4,1,11,0.75,11.41,826.0,2820,0,0.0,0,2,58.0,0.750293939,826.0,826.0,826.0,826.0
2,1,4,1,2,0.7,30.33,577.0,2160,30,0.0,0,1,58.0,0.700623,577.0,577.0,577.0,577.0
2,1,4,1,8,0.7,29.4,1094.0,6840,40,0.0,0,2,57.0,0.700614035,1094.0,1094.0,1094.0,1094.0
2,1,4,1,3,0.7,29.4,1228.0,6960,30,0.0,0,2,58.0,0.700362069,1228.0,1228.0,1228.0,1228.0
2,1,4,1,9,0.7,18.79,1641.0,6000,40,0.0,0,1,50.0,0.60128,1641.0,1641.0,1641.0,1641.0
2,1,4,1,10,0.7,21.25,1583.0,6000,0,0.0,0,1,50.0,0.417916667,1583.0,1583.0,1583.0,1583.0
2,1,4,2,6,0.8,2.9,,960,0,0.0,0,0,8.0,0.3715625,1190.0,1039.0,818.0,866.0
2,1,4,2,9,0.8,2.9,,960,0,0.0,0,0,8.0,0.3715625,1190.0,1039.0,818.0,864.0
2,1,4,2,2,0.8,5.13,,960,0,0.0,0,0,8.0,0.36871875,1190.0,1039.0,818.0,889.0
2,1,4,2,7,0.7,5.13,,960,0,0.0,0,0,8.0,0.356458333,1190.0,1039.0,818.0,989.0
2,2,4,2,10,0.7,2.9,,1800,0,0.0,0,0,15.0,0.902222222,1190.0,1039.0,710.0,867.0
2,2,4,2,3,0.8,4.6,,1440,0,0.0,0,0,12.0,0.811388889,1190.0,1039.0,906.0,698.0
2,2,4,1,12,0.8,15.26,1062.0,4080,50,0.0,0,0,34.0,0.800401961,1062.0,1062.0,1062.0,1062.0
2,2,4,1,5,0.8,30.1,450.0,7140,50,0.0,0,0,60.0,0.800137255,450.0,450.0,450.0,450.0
2,2,4,1,4,0.8,30.1,901.0,6480,50,0.0,0,1,59.0,0.800071839,901.0,901.0,901.0,901.0
2,2,4,2,8,0.7,4.6,,960,0,0.0,0,0,8.0,0.791458333,1190.0,1039.0,818.0,714.0
2,2,4,1,7,0.75,30.1,739.0,5640,45,0.0,0,1,59.0,0.750727326,739.0,739.0,739.0,739.0
2,2,4,1,6,0.75,18.79,913.0,3360,45,0.0,0,0,33.0,0.75065101,913.0,913.0,913.0,913.0
2,2,4,1,11,0.75,11.61,698.0,3360,34,0.0,0,2,57.0,0.750437269,698.0,698.0,698.0,698.0
2,2,4,1,3,0.75,29.4,1172.0,5340,45,0.0,0,2,60.0,0.750176991,1172.0,1172.0,1172.0,1172.0
2,2,4,2,6,0.75,2.9,,1800,0,0.0,0,0,15.0,0.726933333,1190.0,1039.0,709.0,703.0
2,2,4,2,9,0.7,2.9,,1800,0,0.0,0,0,15.0,0.726933333,1190.0,1039.0,709.0,795.0
2,2,4,1,2,0.7,30.33,408.0,1680,30,0.0,0,1,59.0,0.700623,408.0,408.0,408.0,408.0
2,2,4,1,8,0.7,29.4,1079.0,4560,40,0.0,0,2,58.0,0.700518519,1079.0,1079.0,1079.0,1079.0
2,2,4,1,9,0.7,18.79,1068.0,3000,30,0.0,0,1,52.0,0.700256795,1068.0,1068.0,1068.0,1068.0
2,2,4,2,11,0.7,2.9,,960,0,0.0,0,0,8.0,0.5046875,1190.0,1039.0,818.0,826.0
2,2,4,1,10,0.7,21.25,1834.0,6360,0,0.0,0,1,53.0,0.471108491,1834.0,1834.0,1834.0,1834.0
2,2,4,2,2,0.7,3.9,,960,0,0.0,0,0,8.0,0.325,1190.0,1039.0,818.0,698.0
2,2,4,1,1,0.6,22.53,708.0,5040,0,0.0,0,1,42.0,0.268214286,708.0,708.0,708.0,708.0
2,3,4,1,9,0.75,18.79,1085.0,6240,56,0.0,0,1,52.0,0.970816667,1085.0,1085.0,1085.0,1085.0
2,3,4,2,5,0.8,4.6,,1080,0,0.0,0,0,9.0,0.902962963,1190.0,1039.0,858.0,865.0
2,3,4,2,3,0.8,4.6,,2400,0,0.0,0,0,20.0,0.900833333,1190.0,1039.0,848.0,866.0
2,3,4,2,12,0.8,4.6,,1800,0,0.0,0,0,15.0,0.899555556,1190.0,1039.0,708.0,867.0
2,3,4,2,10,0.7,2.9,,1200,0,0.0,0,0,10.0,0.845833333,1190.0,1039.0,763.0,800.0
2,3,4,1,4,0.8,30.1,323.0,4080,50,0.0,0,1,59.0,0.800808642,323.0,323.0,323.0,323.0
2,3,4,1,12,0.8,15.26,1053.0,4080,50,0.0,0,0,34.0,0.800401961,1053.0,1053.0,1053.0,1053.0
2,3,4,1,7,0.8,30.1,786.0,7080,50,0.0,0,2,59.0,0.800115819,786.0,786.0,786.0,786.0
2,3,4,1,6,0.75,18.79,1003.0,3960,45,0.0,0,1,33.0,0.75065101,1003.0,1003.0,1003.0,1003.0
2,3,4,1,11,0.75,11.61,635.0,3360,45,0.0,0,0,57.0,0.750503571,635.0,635.0,635.0,635.0
2,3,4,1,3,0.75,29.4,1283.0,6960,45,0.0,0,2,58.0,0.750206897,1283.0,1283.0,1283.0,1283.0
2,3,4,1,8,0.7,29.4,847.0,6960,30,0.0,0,1,58.0,0.700362069,847.0,847.0,847.0,847.0
2,3,4,1,2,0.7,30.33,361.0,3960,30,0.0,0,1,58.0,0.700069811,361.0,361.0,361.0,361.0
2,3,4,1,10,0.7,21.82,1653.0,6240,0,0.0,0,2,52.0,0.700058333,1653.0,1653.0,1653.0,1653.0
2,3,4,2,7,0.75,4.6,,960,0,0.0,0,0,8.0,0.676666667,1190.0,1039.0,818.0,753.0
2,3,4,2,8,0.7,4.6,,960,0,0.0,0,0,8.0,0.658541667,1190.0,1039.0,818.0,821.0
2,3,4,1,5,0.8,30.1,15.0,1200,49,0.0,0,1,59.0,0.598792339,15.0,15.0,15.0,15.0
2,3,4,1,1,0.65,22.53,762.0,5040,0,0.0,0,1,42.0,0.581130952,762.0,762.0,762.0,762.0
2,3,4,2,2,0.7,3.9,,960,0,0.0,0,0,8.0,0.440375,1190.0,1039.0,818.0,712.0
2,3,4,2,6,0.75,2.9,,960,0,0.0,0,0,8.0,0.410833333,1190.0,1039.0,818.0,710.0
2,3,4,2,9,0.7,2.9,,960,0,0.0,0,0,8.0,0.410833333,1190.0,1039.0,818.0,849.0
2,4,4,2,3,0.8,4.6,,6300,0,0.0,0,0,15.0,0.921703704,1190.0,1039.0,1075.0,934.0
2,4,4,2,5,0.8,4.6,,7560,0,0.0,0,0,18.0,0.921604938,1190.0,1039.0,782.0,936.0
2,4,4,1,7,0.8,30.1,694.0,4080,50,0.0,0,1,59.0,0.800808642,694.0,694.0,694.0,694.0
2,4,4,1,11,0.8,11.61,816.0,2820,50,0.0,0,2,57.0,0.800516667,816.0,816.0,816.0,816.0
2,4,4,1,12,0.8,15.26,1065.0,4080,63,0.0,0,0,34.0,0.800401961,1065.0,1065.0,1065.0,1065.0
2,4,4,2,1,0.5,3.94,,3360,0,0.0,0,0,8.0,0.768847222,1190.0,1039.0,762.0,725.0
2,4,4,1,6,0.75,18.79,912.0,3960,45,0.0,0,0,33.0,0.75065101,912.0,912.0,912.0,912.0
2,4,4,1,3,0.75,29.4,1244.0,6840,45,0.0,0,2,57.0,0.750473684,1244.0,1244.0,1244.0,1244.0
2,4,4,1,9,0.75,18.79,1020.0,5640,45,0.0,0,1,52.0,0.750371895,1020.0,1020.0,1020.0,1020.0
2,4,4,1,8,0.75,29.4,916.0,6960,56,0.0,0,2,58.0,0.750206897,916.0,916.0,916.0,916.0
2,4,4,1,10,0.7,21.82,1591.0,3240,0,0.0,0,1,52.0,0.700251773,1591.0,1591.0,1591.0,1591.0
2,4,4,1,2,0.7,30.33,398.0,6960,0,0.0,0,1,58.0,0.66237931,398.0,398.0,398.0,398.0
2,4,4,2,12,0.8,4.6,,3780,0,0.0,0,0,9.0,0.590617284,1190.0,1039.0,1242.0,968.0
2,4,4,2,2,0.7,3.9,,960,0,0.0,0,0,8.0,0.5565625,1190.0,1039.0,818.0,746.0
2,4,4,1,4,0.8,30.1,437.0,7080,32,0.0,0,2,59.0,0.495617514,437.0,437.0,437.0,437.0
2,4,4,1,5,0.35,27.48,413.0,6840,38,0.0,0,1,57.0,0.449964912,413.0,413.0,413.0,413.0
2,4,4,2,10,0.7,2.9,,3360,0,0.0,0,0,8.0,0.410833333,1190.0,1039.0,761.0,848.0
2,4,4,2,9,0.75,2.9,,960,0,0.0,0,0,8.0,0.4078125,1190.0,1039.0,818.0,823.0
2,4,4,1,1,0.35,26.66,1164.0,6600,23,0.0,0,2,55.0,0.378895152,1164.0,1164.0,1164.0,1164.0
2,4,4,2,8,0.75,4.6,,3360,0,0.0,0,0,8.0,0.376597222,1190.0,1039.0,762.0,811.0
2,4,4,2,6,0.75,2.9,,3360,0,0.0,0,0,8.0,0.271875,1190.0,1039.0,761.0,731.0
2,6,4,2,3,0.8,4.6,,6300,0,0.0,0,0,15.0,0.921703704,1190.0,1039.0,1075.0,940.0
2,6,4,2,5,0.8,4.6,,7560,0,0.0,0,0,18.0,0.921604938,1190.0,1039.0,782.0,942.0
2,6,4,1,11,0.8,11.61,954.0,0,50,0.0,0,2,58.0,0.800779018,954.0,954.0,954.0,954.0
2,6,4,1,12,0.8,15.26,1194.0,1700,62,0.0,0,0,34.0,0.800260821,1194.0,1194.0,1194.0,1194.0
2,6,4,1,7,0.8,30.1,644.0,840,38,0.0,0,1,59.0,0.799982853,644.0,644.0,644.0,644.0
2,6,4,2,1,0.5,3.94,,3360,0,0.0,0,0,8.0,0.768847222,1190.0,1039.0,762.0,730.0
2,6,4,1,3,0.75,29.4,1144.0,4440,45,0.0,0,2,57.0,0.750716981,1144.0,1144.0,1144.0,1144.0
2,6,4,1,6,0.75,18.79,1012.0,3960,45,0.0,0,0,33.0,0.75065101,1012.0,1012.0,1012.0,1012.0
2,6,4,1,8,0.75,29.4,792.0,4560,56,0.0,0,2,58.0,0.750425926,792.0,792.0,792.0,792.0
2,6,4,1,9,0.75,18.79,841.0,6240,45,0.0,0,1,52.0,0.750395513,841.0,841.0,841.0,841.0
2,6,4,1,10,0.7,21.82,1448.0,6120,40,0.0,0,1,51.0,0.700236601,1448.0,1448.0,1448.0,1448.0
2,6,4,1,2,0.7,30.33,512.0,4560,0,0.0,0,1,58.0,0.700211111,512.0,512.0,512.0,512.0
2,6,4,2,12,0.8,4.6,,3780,0,0.0,0,0,9.0,0.590617284,1190.0,1039.0,1242.0,971.0
2,6,4,2,2,0.7,3.9,,960,0,0.0,0,0,8.0,0.5565625,1190.0,1039.0,818.0,758.0
2,6,4,1,5,0.5,27.48,609.0,6840,30,0.0,0,1,57.0,0.550403509,609.0,609.0,609.0,609.0
2,6,4,1,1,0.5,26.66,1448.0,6840,30,0.0,0,2,57.0,0.550349708,1448.0,1448.0,1448.0,1448.0
2,6,4,1,4,0.5,26.66,556.0,6960,23,0.0,0,2,58.0,0.500258046,556.0,556.0,556.0,556.0
2,6,4,2,10,0.7,2.9,,3360,0,0.0,0,0,8.0,0.410833333,1190.0,1039.0,761.0,861.0
2,6,4,2,9,0.75,2.9,,960,0,0.0,0,0,8.0,0.4078125,1190.0,1039.0,818.0,828.0
2,6,4,2,8,0.75,4.6,,3360,0,0.0,0,0,8.0,0.376597222,1190.0,1039.0,762.0,816.0
2,6,4,2,6,0.75,2.9,,3360,0,0.0,0,0,8.0,0.271875,1190.0,1039.0,761.0,739.0
3,7,1,2,3,0.8,4.6,,10500,0,0.0,0,0,25.0,0.936355556,1190.0,1039.0,1092.0,797.0
3,7,1,2,8,0.75,4.6,,3360,0,0.0,0,0,8.0,0.813611111,1190.0,1039.0,762.0,623.0
3,7,1,1,12,0.8,15.26,1106.0,4080,63,0.0,0,0,34.0,0.800401961,1106.0,1106.0,1106.0,1106.0
3,7,1,1,8,0.75,29.4,622.0,6240,56,0.0,0,0,57.0,0.75075,622.0,622.0,622.0,622.0
3,7,1,1,6,0.75,18.79,1193.0,3960,45,0.0,0,0,33.0,0.75065101,1193.0,1193.0,1193.0,1193.0
3,7,1,1,3,0.75,29.4,1143.0,6840,45,0.0,0,0,57.0,0.750473684,1143.0,1143.0,1143.0,1143.0
3,7,1,1,9,0.75,18.79,895.0,6240,34,0.0,0,0,52.0,0.750395513,895.0,895.0,895.0,895.0
3,7,1,1,5,0.6,27.48,549.0,6720,38,0.0,0,0,56.0,0.707446429,549.0,549.0,549.0,549.0
3,7,1,1,10,0.7,21.82,1393.0,5640,30,0.0,0,0,52.0,0.700236601,1393.0,1393.0,1393.0,1393.0
3,7,1,1,1,0.6,26.66,1578.0,6840,38,0.0,0,0,57.0,0.700019883,1578.0,1578.0,1578.0,1578.0
3,7,1,1,2,0.7,30.33,254.0,1800,0,0.0,0,0,58.0,0.683550607,254.0,254.0,254.0,254.0
3,7,1,1,11,0.8,11.61,347.0,0,50,4.0,20,0,57.0,0.682433036,347.0,347.0,347.0,347.0
3,7,1,2,4,0.6,3.94,,960,0,0.0,0,0,8.0,0.673083333,1190.0,1039.0,818.0,618.0
3,7,1,2,10,0.7,2.9,,3360,0,0.0,0,0,8.0,0.664583333,1190.0,1039.0,761.0,622.0
3,7,1,1,4,0.6,26.66,692.0,6840,23,0.0,0,0,57.0,0.600239766,692.0,692.0,692.0,692.0
3,7,1,2,2,0.7,3.9,,960,0,0.0,0,0,8.0,0.585,1190.0,1039.0,818.0,607.0
3,7,1,1,7,0.8,30.1,934.0,6960,0,3.5,15,0,58.0,0.579511494,934.0,934.0,934.0,934.0
3,7,1,2,1,0.6,3.94,,3360,0,0.0,0,0,8.0,0.448722222,1190.0,1039.0,762.0,568.0
3,7,1,2,9,0.75,2.9,,960,0,0.0,0,0,8.0,0.447083333,1190.0,1039.0,818.0,532.0
3,7,1,2,7,0.8,4.6,,3360,0,0.0,0,0,8.0,0.350416667,1190.0,1039.0,762.0,487.0
3,1,1,2,2,0.7,3.9,,1200,0,0.0,0,0,10.0,0.92885,1190.0,1039.0,763.0,10929.0
3,1,1,2,3,0.8,4.6,,10080,0,0.0,0,0,24.0,0.86037037,1190.0,1039.0,1114.0,4370.0
3,1,1,2,4,0.65,3.94,,960,0,0.0,0,0,8.0,0.806879167,1190.0,1039.0,818.0,6388.0
3,1,1,1,1,0.65,26.66,1527.0,6840,65,0.0,0,0,57.0,0.800579532,1527.0,1527.0,1527.0,1527.0
3,1,1,1,12,0.8,15.26,1035.0,4080,63,0.0,0,0,34.0,0.800401961,1035.0,1035.0,1035.0,1035.0
3,1,1,2,9,0.75,2.9,,1200,0,0.0,0,0,10.0,0.8004,1190.0,1039.0,763.0,5185.0
3,1,1,1,11,0.8,11.61,632.0,0,50,0.0,0,0,57.0,0.800309211,632.0,632.0,632.0,632.0
3,1,1,1,3,0.8,29.4,1231.0,4680,50,0.0,0,0,57.0,0.800149813,1231.0,1231.0,1231.0,1231.0
3,1,1,1,7,0.8,30.1,616.0,7080,0,0.0,0,0,59.0,0.800115819,616.0,616.0,616.0,616.0
3,1,1,2,8,0.75,4.6,,3360,0,0.0,0,0,8.0,0.773333333,1190.0,1039.0,762.0,1128.0
3,1,1,1,6,0.75,18.79,947.0,2880,34,0.0,0,0,33.0,0.750797009,947.0,947.0,947.0,947.0
3,1,1,1,8,0.75,29.4,551.0,6840,45,0.0,0,0,57.0,0.750473684,551.0,551.0,551.0,551.0
3,1,1,1,9,0.75,18.79,935.0,6240,45,0.0,0,0,52.0,0.750395513,935.0,935.0,935.0,935.0
3,1,1,1,4,0.65,26.66,832.0,6780,55,0.0,0,0,57.0,0.750254867,832.0,832.0,832.0,832.0
3,1,1,1,5,0.65,27.48,544.0,6720,34,0.0,0,0,56.0,0.700903571,544.0,544.0,544.0,544.0
3,1,1,1,10,0.7,21.82,1511.0,3600,30,0.0,0,0,51.0,0.70013604,1511.0,1511.0,1511.0,1511.0
3,1,1,2,10,0.7,2.9,,3360,0,0.0,0,0,8.0,0.632361111,1190.0,1039.0,761.0,1485.0
3,1,1,2,12,0.8,4.6,,3780,0,0.0,0,0,9.0,0.607654321,1190.0,1039.0,1242.0,1782.0
3,1,1,2,1,0.65,3.94,,3360,0,0.0,0,0,8.0,0.537919444,1190.0,1039.0,762.0,2094.0
3,1,1,2,7,0.8,4.6,,3360,0,0.0,0,0,8.0,0.342361111,1190.0,1039.0,762.0,1448.0
3,2,1,2,7,0.8,4.6,,4200,0,0.0,0,0,10.0,0.999533333,1190.0,1039.0,1002.0,834.0
3,2,1,2,3,0.8,4.6,,6300,0,0.0,0,0,15.0,0.902962963,1190.0,1039.0,1075.0,824.0
3,2,1,1,11,0.8,11.41,601.0,0,50,0.0,0,0,56.0,0.800701754,601.0,601.0,601.0,601.0
3,2,1,1,1,0.7,26.66,1562.0,6960,60,0.0,0,0,58.0,0.800566092,1562.0,1562.0,1562.0,1562.0
3,2,1,1,12,0.8,15.26,983.0,4080,50,0.0,0,0,34.0,0.800401961,983.0,983.0,983.0,983.0
3,2,1,1,3,0.8,29.4,1156.0,6840,50,0.0,0,0,57.0,0.800333333,1156.0,1156.0,1156.0,1156.0
3,2,1,1,7,0.8,30.1,29.0,7080,50,0.0,0,0,59.0,0.800115819,29.0,29.0,29.0,29.0
3,2,1,1,4,0.7,26.66,950.0,6960,50,0.0,0,0,58.0,0.750770115,950.0,950.0,950.0,950.0
3,2,1,1,8,0.75,29.4,534.0,6840,56,0.0,0,0,57.0,0.750473684,534.0,534.0,534.0,534.0
3,2,1,1,9,0.75,18.79,1096.0,6240,34,0.0,0,0,52.0,0.750395513,1096.0,1096.0,1096.0,1096.0
3,2,1,1,6,0.75,20.2,402.0,3120,45,0.0,0,0,33.0,0.750212553,402.0,402.0,402.0,402.0
3,2,1,2,8,0.75,4.6,,3360,0,0.0,0,0,8.0,0.702777778,1190.0,1039.0,762.0,564.0
3,2,1,1,5,0.7,27.48,573.0,6840,30,0.0,0,0,57.0,0.700659649,573.0,573.0,573.0,573.0
3,2,1,1,10,0.7,21.82,1313.0,5040,30,0.0,0,0,51.0,0.699984417,1313.0,1313.0,1313.0,1313.0
3,2,1,2,12,0.8,4.6,,3780,0,0.0,0,0,9.0,0.636049383,1190.0,1039.0,1242.0,711.0
3,2,1,2,2,0.4,3.9,,6300,0,0.0,0,0,15.0,0.567377778,1190.0,1039.0,1075.0,619.0
3,2,1,2,1,0.7,3.94,,3360,0,0.0,0,0,8.0,0.555430556,1190.0,1039.0,762.0,623.0
3,2,1,2,4,0.7,3.94,,3360,0,0.0,0,0,8.0,0.555430556,1190.0,1039.0,762.0,593.0
3,2,1,2,10,0.7,2.9,,3360,0,0.0,0,0,8.0,0.463194444,1190.0,1039.0,761.0,550.0
3,2,1,2,5,0.7,4.6,,3360,0,0.0,0,0,8.0,0.354444444,1190.0,1039.0,762.0,464.0
3,2,1,2,6,0.75,2.9,,3360,0,0.0,0,0,8.0,0.309333333,1190.0,1039.0,761.0,386.0
3,2,1,1,2,0.4,15.28,157.0,5400,0,6.5,30,1,45.0,0.30277037,157.0,157.0,157.0,157.0
3,3,1,2,3,0.8,4.6,,1200,0,0.0,0,0,10.0,0.939166667,1190.0,1039.0,762.0,747.0
3,3,1,2,8,0.8,4.6,,960,0,0.0,0,0,8.0,0.930416667,1190.0,1039.0,818.0,758.0
3,3,1,2,12,0.8,4.6,,1080,0,0.0,0,0,9.0,0.885925926,1190.0,1039.0,859.0,720.0
3,3,1,2,9,0.75,2.9,,960,0,0.0,0,0,8.0,0.83375,1190.0,1039.0,818.0,649.0
3,3,1,2,1,0.7,3.94,,960,0,0.0,0,0,8.0,0.806879167,1190.0,1039.0,818.0,687.0
3,3,1,2,4,0.7,3.94,,960,0,0.0,0,0,8.0,0.806058333,1190.0,1039.0,818.0,654.0
3,3,1,1,11,0.8,11.41,433.0,0,38,0.0,0,0,56.0,0.800701754,433.0,433.0,433.0,433.0
3,3,1,1,12,0.8,15.26,961.0,4080,50,0.0,0,0,34.0,0.800401961,961.0,961.0,961.0,961.0
3,3,1,1,3,0.8,29.4,1169.0,6840,63,0.0,0,0,57.0,0.800333333,1169.0,1169.0,1169.0,1169.0
3,3,1,1,7,0.8,30.1,874.0,3960,50,0.0,0,0,59.0,0.800055762,874.0,874.0,874.0,874.0
3,3,1,1,4,0.7,26.82,1028.0,6960,60,0.0,0,0,58.0,0.799975862,1028.0,1028.0,1028.0,1028.0
3,3,1,1,1,0.7,26.82,1772.0,6960,50,0.0,0,0,58.0,0.750651724,1772.0,1772.0,1772.0,1772.0
3,3,1,1,9,0.75,18.79,1206.0,6240,34,0.0,0,0,52.0,0.750395513,1206.0,1206.0,1206.0,1206.0
3,3,1,1,5,0.7,27.48,586.0,6960,40,0.0,0,0,58.0,0.700424138,586.0,586.0,586.0,586.0
3,3,1,1,10,0.7,21.82,1334.0,5760,30,0.0,0,0,53.0,0.700058333,1334.0,1334.0,1334.0,1334.0
3,3,1,2,7,0.8,4.6,,8400,0,0.0,0,0,20.0,0.684888889,1190.0,1039.0,1060.0,759.0
3,3,1,2,5,0.7,4.6,,960,0,0.0,0,0,8.0,0.592083333,1190.0,1039.0,818.0,639.0
3,3,1,2,2,0.5,3.9,,960,0,0.0,0,0,8.0,0.5403125,1190.0,1039.0,818.0,604.0
3,3,1,1,8,0.8,29.4,30.0,6840,0,0.0,0,0,57.0,0.433263158,30.0,30.0,30.0,30.0
3,3,1,1,2,0.5,15.28,261.0,5520,0,0.0,0,1,46.0,0.404144928,261.0,261.0,261.0,261.0
3,3,1,1,6,0.75,18.79,52.0,3960,0,0.0,0,0,33.0,0.332146465,52.0,52.0,52.0,52.0
3,4,1,2,8,0.8,4.6,,2640,0,0.0,0,0,22.0,0.980984848,1190.0,1039.0,1012.0,753.0
3,4,1,2,2,0.6,3.9,,960,0,0.0,0,0,8.0,0.950625,1190.0,1039.0,818.0,957.0
3,4,1,2,11,0.8,2.9,,1200,0,0.0,0,0,10.0,0.927291667,1190.0,1039.0,763.0,759.0
3,4,1,2,12,0.8,4.6,,1080,0,0.0,0,0,9.0,0.868888889,1190.0,1039.0,859.0,711.0
3,4,1,2,1,0.7,3.94,,960,0,0.0,0,0,8.0,0.812625,1190.0,1039.0,818.0,660.0
3,4,1,2,4,0.7,3.94,,960,0,0.0,0,0,8.0,0.812625,1190.0,1039.0,818.0,654.0
3,4,1,2,3,0.8,4.6,,1800,0,0.0,0,0,15.0,0.810111111,1190.0,1039.0,706.0,631.0
3,4,1,1,11,0.8,11.41,455.0,3420,50,0.0,0,0,56.0,0.800701754,455.0,455.0,455.0,455.0
3,4,1,1,3,0.8,29.4,797.0,1800,63,0.0,0,0,57.0,0.800534979,797.0,797.0,797.0,797.0
3,4,1,1,12,0.8,15.26,959.0,4080,50,0.0,0,0,34.0,0.800401961,959.0,959.0,959.0,959.0
3,4,1,1,1,0.7,26.82,1373.0,6960,50,0.0,0,0,58.0,0.750651724,1373.0,1373.0,1373.0,1373.0
3,4,1,1,9,0.75,18.79,1228.0,6240,45,0.0,0,0,52.0,0.750395513,1228.0,1228.0,1228.0,1228.0
3,4,1,1,4,0.7,26.82,1117.0,7080,50,0.0,0,0,59.0,0.750050847,1117.0,1117.0,1117.0,1117.0
3,4,1,1,5,0.7,27.48,230.0,6960,40,0.0,0,0,58.0,0.700424138,230.0,230.0,230.0,230.0
3,4,1,1,10,0.7,21.82,1390.0,6000,30,0.0,0,0,50.0,0.700422,1390.0,1390.0,1390.0,1390.0
3,4,1,1,2,0.6,15.28,529.0,1320,0,0.0,0,1,46.0,0.600099145,529.0,529.0,529.0,529.0
3,4,1,2,9,0.75,2.9,,960,0,0.0,0,0,8.0,0.453125,1190.0,1039.0,818.0,592.0
3,4,1,1,7,0.8,30.1,834.0,1200,0,4.0,40,0,59.0,0.366053523,834.0,834.0,834.0,834.0
3,4,1,1,6,0.35,22.53,1450.0,2640,0,0.0,0,1,39.0,0.26369382,1450.0,1450.0,1450.0,1450.0
3,6,1,2,12,0.8,4.6,,1080,0,0.0,0,0,9.0,0.868888889,1190.0,1039.0,859.0,706.0
3,6,1,1,12,0.8,15.26,986.0,4080,75,0.0,0,0,34.0,0.850520588,986.0,986.0,986.0,986.0
3,6,1,1,1,0.7,26.82,1267.0,8160,70,0.0,0,0,58.0,0.850045,1267.0,1267.0,1267.0,1267.0
3,6,1,2,7,0.8,4.6,,6000,0,0.0,0,0,25.0,0.825444444,1190.0,1039.0,1812.0,771.0
3,6,1,2,5,0.35,3.94,,2400,0,0.0,0,0,10.0,0.80575,1190.0,1039.0,862.0,659.0
3,6,1,1,4,0.7,26.82,1195.0,6960,60,0.0,0,0,58.0,0.800746552,1195.0,1195.0,1195.0,1195.0
3,6,1,1,3,0.8,29.4,983.0,6840,63,0.0,0,1,57.0,0.800578947,983.0,983.0,983.0,983.0
3,6,1,1,11,0.8,11.41,471.0,3420,50,0.0,0,0,58.0,0.800034503,471.0,471.0,471.0,471.0
3,6,1,2,6,0.5,2.9,,960,0,0.0,0,0,8.0,0.7975,1190.0,1039.0,818.0,608.0
3,6,1,1,9,0.75,18.79,1226.0,3480,45,0.0,0,0,51.0,0.749987124,1226.0,1226.0,1226.0,1226.0
3,6,1,1,10,0.7,21.82,1251.0,6000,30,0.0,0,0,50.0,0.700422,1251.0,1251.0,1251.0,1251.0
3,6,1,2,1,0.7,3.94,,960,0,0.0,0,0,8.0,0.664875,1190.0,1039.0,818.0,649.0
3,6,1,2,4,0.7,3.94,,960,0,0.0,0,0,8.0,0.664875,1190.0,1039.0,818.0,628.0
3,6,1,2,11,0.8,2.9,,960,0,0.0,0,0,8.0,0.657083333,1190.0,1039.0,819.0,600.0
3,6,1,1,2,0.65,16.1,626.0,4200,0,0.0,0,1,45.0,0.65024031,626.0,626.0,626.0,626.0
3,6,1,2,8,0.8,4.6,,3600,0,0.0,0,0,15.0,0.590740741,1190.0,1039.0,1664.0,681.0
3,6,1,2,2,0.65,3.9,,1920,0,0.0,0,0,8.0,0.528125,1190.0,1039.0,849.0,614.0
3,6,1,1,6,0.5,23.41,1379.0,2280,0,0.0,0,1,39.0,0.500528095,1379.0,1379.0,1379.0,1379.0
3,6,1,1,5,0.7,27.48,541.0,6960,24,0.0,0,1,58.0,0.408960345,541.0,541.0,541.0,541.0
3,7,2,2,3,0.8,4.6,,1440,0,0.0,0,0,12.0,0.951944444,1190.0,1039.0,906.0,763.0
3,7,2,2,12,0.8,4.6,,1080,0,0.0,0,0,9.0,0.945555556,1190.0,1039.0,859.0,805.0
3,7,2,2,9,0.75,2.9,,1080,0,0.0,0,0,9.0,0.929074074,1190.0,1039.0,858.0,749.0
3,7,2,2,1,0.75,3.94,,960,0,0.0,0,0,8.0,0.890604167,1190.0,1039.0,818.0,697.0
3,7,2,2,4,0.75,3.94,,960,0,0.0,0,0,8.0,0.890604167,1190.0,1039.0,818.0,647.0
3,7,2,2,2,0.7,3.9,,1200,0,0.0,0,0,10.0,0.884,1190.0,1039.0,763.0,656.0
3,7,2,2,5,0.5,3.94,,960,0,0.0,0,0,8.0,0.857916667,1190.0,1039.0,818.0,638.0
3,7,2,1,4,0.75,26.82,1082.0,6840,65,0.0,0,0,57.0,0.850084211,1082.0,1082.0,1082.0,1082.0
3,7,2,1,1,0.75,26.82,1254.0,6960,65,0.0,0,0,58.0,0.85007069,1254.0,1254.0,1254.0,1254.0
3,7,2,1,3,0.8,30.1,1278.0,3360,50,0.0,0,1,57.0,0.800511068,1278.0,1278.0,1278.0,1278.0
3,7,2,1,12,0.8,15.26,1064.0,4080,63,0.0,0,0,34.0,0.800401961,1064.0,1064.0,1064.0,1064.0
3,7,2,1,11,0.8,11.41,313.0,3420,50,0.0,0,0,58.0,0.800034503,313.0,313.0,313.0,313.0
3,7,2,2,11,0.8,2.9,,960,0,0.0,0,0,8.0,0.755208333,1190.0,1039.0,819.0,516.0
3,7,2,1,9,0.75,18.79,1239.0,5640,45,0.0,0,0,52.0,0.750371895,1239.0,1239.0,1239.0,1239.0
3,7,2,1,10,0.7,21.82,1335.0,6000,30,0.0,0,0,50.0,0.700422,1335.0,1335.0,1335.0,1335.0
3,7,2,1,2,0.7,16.1,928.0,4800,30,0.0,0,1,45.0,0.700106061,928.0,928.0,928.0,928.0
3,7,2,1,6,0.6,23.41,1266.0,2520,23,0.0,0,1,38.0,0.601037091,1266.0,1266.0,1266.0,1266.0
3,7,2,1,8,0.6,30.48,869.0,6720,0,0.0,0,1,56.0,0.600528571,869.0,869.0,869.0,869.0
3,7,2,1,5,0.5,26.82,711.0,7080,23,0.0,0,1,59.0,0.500033898,711.0,711.0,711.0,711.0
3,7,2,2,8,0.6,3.9,,960,0,0.0,0,0,8.0,0.4509375,1190.0,1039.0,818.0,602.0
3,7,2,2,10,0.7,2.9,,960,0,0.0,0,0,8.0,0.441041667,1190.0,1039.0,819.0,571.0
3,7,2,2,6,0.6,2.9,,960,0,0.0,0,0,8.0,0.271875,1190.0,1039.0,818.0,545.0
3,1,2,2,11,0.8,2.9,,0,960,0.0,0,0,8.0,0.960625,1190.0,1039.0,919.0,2501.0
3,1,2,2,12,0.8,4.6,,0,1080,0.0,0,0,9.0,0.902962963,1190.0,1039.0,918.0,2503.0
3,1,2,2,5,0.6,3.94,,0,2880,0.0,0,0,12.0,0.864342593,1190.0,1039.0,913.0,3469.0
3,1,2,1,4,0.75,26.82,1079.0,7020,65,0.0,0,0,58.0,0.850446154,1079.0,1079.0,1079.0,1079.0
3,1,2,1,1,0.75,26.82,1322.0,7140,65,0.0,0,0,59.0,0.850426891,1322.0,1322.0,1322.0,1322.0
3,1,2,2,9,0.75,2.9,,0,3600,0.0,0,0,15.0,0.841,1190.0,1039.0,912.0,3609.0
3,1,2,1,3,0.8,30.1,964.0,5160,50,0.0,0,1,58.0,0.800842424,964.0,964.0,964.0,964.0
3,1,2,1,12,0.8,15.26,1132.0,4080,63,0.0,0,0,34.0,0.800401961,1132.0,1132.0,1132.0,1132.0
3,1,2,1,11,0.8,11.41,357.0,3420,50,0.0,0,0,58.0,0.800034503,357.0,357.0,357.0,357.0
3,1,2,2,3,0.8,4.6,,0,1440,0.0,0,0,12.0,0.795416667,1190.0,1039.0,916.0,3653.0
3,1,2,2,4,0.75,3.94,,0,960,0.0,0,0,8.0,0.7953875,1190.0,1039.0,919.0,3641.0
3,1,2,2,1,0.75,3.94,,0,960,0.0,0,0,8.0,0.794566667,1190.0,1039.0,919.0,3475.0
3,1,2,1,9,0.75,18.79,1193.0,6240,45,0.0,0,0,52.0,0.750395513,1193.0,1193.0,1193.0,1193.0
3,1,2,1,2,0.7,16.1,817.0,5520,30,0.0,0,1,45.0,0.700516224,817.0,817.0,817.0,817.0
3,1,2,1,10,0.7,21.82,1576.0,6000,30,0.0,0,0,50.0,0.700422,1576.0,1576.0,1576.0,1576.0
3,1,2,2,2,0.7,3.9,,0,1200,0.0,0,0,10.0,0.6825,1190.0,1039.0,917.0,3658.0
3,1,2,1,6,0.65,23.41,1262.0,4560,35,0.0,0,1,38.0,0.650962281,1262.0,1262.0,1262.0,1262.0
3,1,2,1,8,0.65,30.48,953.0,6720,26,0.0,0,1,56.0,0.650421429,953.0,953.0,953.0,953.0
3,1,2,1,5,0.6,26.82,919.0,7080,23,0.0,0,1,59.0,0.600040678,919.0,919.0,919.0,919.0
3,1,2,1,7,0.5,30.48,1161.0,6600,0,0.0,0,1,55.0,0.500610909,1161.0,1161.0,1161.0,1161.0
3,1,2,2,10,0.7,2.9,,0,960,0.0,0,0,8.0,0.477291667,1190.0,1039.0,919.0,3903.0
3,1,2,2,8,0.65,3.9,,0,960,0.0,0,0,8.0,0.2640625,1190.0,1039.0,919.0,3825.0
3,2,2,2,12,0.8,4.6,,1080,0,0.0,0,0,9.0,0.92,1190.0,1039.0,859.0,784.0
3,2,2,2,5,0.6,3.94,,1440,0,0.0,0,0,12.0,0.909391667,1190.0,1039.0,906.0,709.0
3,2,2,1,1,0.75,26.82,1574.0,7080,75,0.0,0,0,59.0,0.900061017,1574.0,1574.0,1574.0,1574.0
3,2,2,2,3,0.8,4.6,,1440,0,0.0,0,0,12.0,0.894444444,1190.0,1039.0,906.0,582.0
3,2,2,2,4,0.75,3.94,,960,0,0.0,0,0,8.0,0.881575,1190.0,1039.0,818.0,601.0
3,2,2,2,1,0.75,3.94,,960,0,0.0,0,0,8.0,0.880754167,1190.0,1039.0,818.0,657.0
3,2,2,1,4,0.75,26.82,1104.0,5880,65,0.0,0,0,59.0,0.850084211,1104.0,1104.0,1104.0,1104.0
3,2,2,2,9,0.75,2.9,,1800,0,0.0,0,0,15.0,0.821666667,1190.0,1039.0,709.0,578.0
3,2,2,1,12,0.8,15.26,1069.0,4080,63,0.0,0,0,34.0,0.800401961,1069.0,1069.0,1069.0,1069.0
3,2,2,1,3,0.8,30.1,756.0,6960,63,0.0,0,1,58.0,0.800071839,756.0,756.0,756.0,756.0
3,2,2,1,11,0.8,11.41,338.0,3420,50,0.0,0,0,58.0,0.800034503,338.0,338.0,338.0,338.0
3,2,2,2,11,0.8,2.9,,960,0,0.0,0,0,8.0,0.758229167,1190.0,1039.0,819.0,463.0
3,2,2,1,10,0.75,21.82,1499.0,6000,34,0.0,0,0,50.0,0.750608,1499.0,1499.0,1499.0,1499.0
3,2,2,1,9,0.75,18.79,1247.0,6240,45,0.0,0,0,52.0,0.750395513,1247.0,1247.0,1247.0,1247.0
3,2,2,2,2,0.7,3.9,,960,0,0.0,0,0,8.0,0.741,1190.0,1039.0,818.0,574.0
3,2,2,1,8,0.7,30.48,923.0,6840,30,0.0,0,1,57.0,0.700505263,923.0,923.0,923.0,923.0
3,2,2,1,6,0.7,23.41,1180.0,4560,30,0.0,0,1,38.0,0.700246491,1180.0,1180.0,1180.0,1180.0
3,2,2,1,2,0.7,16.1,957.0,5400,40,0.0,0,1,45.0,0.700051852,957.0,957.0,957.0,957.0
3,2,2,1,5,0.65,26.82,1001.0,7080,26,0.0,0,1,59.0,0.650044068,1001.0,1001.0,1001.0,1001.0
3,2,2,1,7,0.6,30.48,1017.0,6840,25,0.0,0,1,57.0,0.630402924,1017.0,1017.0,1017.0,1017.0
3,2,2,2,8,0.65,3.9,,960,0,0.0,0,0,8.0,0.560625,1190.0,1039.0,818.0,597.0
3,2,2,2,7,0.5,3.9,,960,0,0.0,0,0,8.0,0.560625,1190.0,1039.0,818.0,584.0
3,2,2,2,10,0.7,2.9,,960,0,0.0,0,0,8.0,0.39875,1190.0,1039.0,818.0,521.0
3,3,2,2,12,0.8,4.6,,2160,0,0.0,0,0,9.0,0.922839506,1190.0,1039.0,892.0,803.0
3,3,2,2,11,0.8,2.9,,2400,0,0.0,0,0,10.0,0.874027778,1190.0,1039.0,864.0,578.0
3,3,2,2,2,0.75,3.9,,1920,0,0.0,0,0,8.0,0.819270833,1190.0,1039.0,849.0,626.0
3,3,2,2,4,0.75,3.94,,1920,0,0.0,0,0,8.0,0.813309028,1190.0,1039.0,849.0,632.0
3,3,2,2,1,0.75,3.94,,1920,0,0.0,0,0,8.0,0.812625,1190.0,1039.0,849.0,656.0
3,3,2,1,12,0.8,15.26,470.0,4080,63,0.0,0,0,34.0,0.800401961,470.0,470.0,470.0,470.0
3,3,2,1,3,0.8,30.1,735.0,6960,63,0.0,0,1,58.0,0.800071839,735.0,735.0,735.0,735.0
3,3,2,1,11,0.8,11.41,560.0,3420,50,0.0,0,0,58.0,0.800034503,560.0,560.0,560.0,560.0
3,3,2,2,3,0.8,4.6,,1920,0,0.0,0,0,8.0,0.786631944,1190.0,1039.0,849.0,556.0
3,3,2,2,5,0.7,3.94,,1440,0,0.0,0,0,12.0,0.75885,1190.0,1039.0,906.0,596.0
3,3,2,1,10,0.75,21.82,1674.0,6000,34,0.0,0,0,50.0,0.750608,1674.0,1674.0,1674.0,1674.0
3,3,2,1,9,0.75,18.79,290.0,5040,45,0.0,0,0,52.0,0.750347333,290.0,290.0,290.0,290.0
3,3,2,1,2,0.75,16.1,971.0,5400,45,0.0,0,1,45.0,0.750140741,971.0,971.0,971.0,971.0
3,3,2,1,1,0.75,26.82,1322.0,7080,45,0.0,0,0,59.0,0.750050847,1322.0,1322.0,1322.0,1322.0
3,3,2,1,4,0.75,26.82,1054.0,7080,45,0.0,0,0,59.0,0.750050847,1054.0,1054.0,1054.0,1054.0
3,3,2,1,5,0.7,26.82,992.0,6960,30,0.0,0,1,58.0,0.700556897,992.0,992.0,992.0,992.0
3,3,2,1,8,0.7,30.48,914.0,6840,30,0.0,0,1,57.0,0.700505263,914.0,914.0,914.0,914.0
3,3,2,1,6,0.7,23.41,1128.0,4560,40,0.0,0,1,38.0,0.700246491,1128.0,1128.0,1128.0,1128.0
3,3,2,1,7,0.65,30.48,935.0,6840,26,0.0,0,1,57.0,0.650596491,935.0,935.0,935.0,935.0
3,3,2,2,10,0.75,2.9,,960,0,0.0,0,0,8.0,0.628333333,1190.0,1039.0,818.0,620.0
3,3,2,2,8,0.7,3.9,,960,0,0.0,0,0,8.0,0.625625,1190.0,1039.0,818.0,654.0
3,3,2,2,7,0.65,3.9,,960,0,0.0,0,0,8.0,0.625625,1190.0,1039.0,818.0,660.0
3,3,2,2,9,0.75,2.9,,1800,0,0.0,0,0,15.0,0.505888889,1190.0,1039.0,709.0,578.0
3,3,2,2,6,0.7,2.9,,720,0,0.0,0,0,6.0,0.394722222,1190.0,1039.0,948.0,579.0
